|SourceProjectName:Entrust IdentityGuard Server Administration Guide.hpr
|DestinationProjectName:index.htm
whhost.js
whmsg.js
whmozemu.js
whutils.js
whproxy.js
whstub.js
whver.js
whform.js
whphost.js
whstart.js
whtopic.js
whframes.js
whlang.js
xmlreadhelper.js
whskin_info.htm
whskin_blank.htm
whskin_pickup.htm
whskin_homepage.htm
whskin_tw.htm
whnjs.htm
whthost.js
whtdhtml.htm
whihost.js
whibody.htm
whiform.htm
whfhost.js
whfbody.htm
whfform.htm
whghost.js
whgbody.htm
whgdhtml.htm
whgdef.htm
whproj.js
whproj.htm
whdata\whtoc.js
whdata\whtoc.htm
whdata\whtdata.js
whdata\whidx.js
whdata\whidx.htm
whdata\whidata.js
whdata\whglo.js
whdata\whglo.htm
whdata\whgdata.js
whgdata\whnvp30.htm
whgdata\whnvp31.htm
whgdata\whnvp32.htm
whgdata\whnvp33.htm
whgdata\whnvt30.htm
whgdata\whnvt31.htm
whgdata\whnvt32.htm
whgdata\whnvt33.htm
whgdata\whnvf30.htm
whgdata\whnvf31.htm
whgdata\whnvf32.htm
whgdata\whnvf33.htm
whgdata\whnvl31.htm
whgdata\whnvl32.htm
whgdata\whnvl33.htm
whgdata\whexpbar.gif
cshdat_webhelp.htm
whcsh_home.htm
whcshdata.js
cshdat_robohelp.htm
wht_tab0.gif
wht_tab1.gif
wht_tab2.gif
wht_tab3.gif
wht_tab4.gif
wht_tab5.gif
wht_tab6.gif
wht_tab7.gif
wht_tab8.gif
wht_glo_h.gif
wht_glo_n.gif
wht_fts_h.gif
wht_fts_n.gif
wht_idx_h.gif
wht_idx_n.gif
wht_toc_h.gif
wht_toc_n.gif
wht_ws.gif
wht_ws_g.gif
wht_logo1.gif
wht_logo2.gif
wht_abgw.jpg
wht_abgi.jpg
wht_abge.jpg
wht_abtw.jpg
wht_abte.jpg
wht_abti.jpg
wht_spac.gif
wht_next.gif
wht_next_g.gif
wht_prev.gif
wht_prev_g.gif
wht_sync.gif
wht_hide.gif
wht_go.gif
whstart.ico
whestart.ico
whrstart.ico
whidhtml.htm
whfdhtml.htm
whskin_banner.htm
whtbar.js
print.gif
selectbrowsesequenceback.gif
selectbrowsesequence.gif
banner.png
selecttoc.gif
indexicon.gif
selectsearch.gif
selectglossary.gif
entrust_logo_ontransparent.png
about_box_white_side_logo.png
book.gif
bookopen.gif
topic.gif
whskin_pdhtml.htm
whskin_plist.htm
whskin_tbars.htm
whskin_mbars.htm
wht_toc4.gif
whskin_frmset010.htm
whst_topics.xml
whskin_frmset01.htm
index_hha.hhk
index.hhc
index.hhk
authenticate_with_your_entrust_datacard_ot_token.htm
configure_token_authentication.htm
ensure_that_file_extensions_are_visible_in_windows_explorer.htm
ig_admin\about\digital_id_types_and_formats.htm
ig_admin\about\how_it_works.htm
ig_admin\about\overview1.htm
ig_admin\about_this_book\about_this_book.htm
ig_admin\about_this_book\documentation_conventions.htm
ig_admin\about_this_book\documentation_feedback.htm
ig_admin\about_this_book\new_in_this_release.htm
ig_admin\about_this_book\related_documentation.htm
ig_admin\about_this_book\revision_information.htm
ig_admin\about_this_book\technical_assistance.htm
ig_admin\adminme\administer_mobile_enrollment_of_digital_ids.htm
ig_admin\adminme\finding_digital_ids.htm
ig_admin\adminme\synchronizing_digital_ids_for_secure_email.htm
ig_admin\adminme\updating_the_system_when_the_ca_key_is_updated.htm
ig_admin\authsection1\authentication_methods.htm
ig_admin\biometricauth\administering_biometrics.htm
ig_admin\biometricauth\approve_user_biometrics.htm
ig_admin\biometricauth\biometric_authentication.htm
ig_admin\biometricauth\biometric_enrollment_overview.htm
ig_admin\biometricauth\biometric_states_overview.htm
ig_admin\biometricauth\configure_a_biometric_vendor.htm
ig_admin\biometricauth\configure_biometric_policies.htm
ig_admin\biometricauth\configuring_biometric_authentication.htm
ig_admin\biometricauth\creating_biometrics.htm
ig_admin\biometricauth\delete_biometric_information.htm
ig_admin\biometricauth\edit_biometric_information.htm
ig_admin\biometricauth\find_biometric_information.htm
ig_admin\biometricauth\include_biometric_authentication_in_a_policy.htm
ig_admin\biometricauth\overview_of_authenticating_with_fingerprint_biometrics.htm
ig_admin\bulkops\administration_interface_limitations.htm
ig_admin\bulkops\biometrics_bulk_operations.htm
ig_admin\bulkops\bulk_file_limitations.htm
ig_admin\bulkops\bulk_file_operations_and_data_items.htm
ig_admin\bulkops\certificate_bulk_operations.htm
ig_admin\bulkops\configuring_the_administration_interface_properties_for_bulk.htm
ig_admin\bulkops\contact_information_bulk_operations.htm
ig_admin\bulkops\create_a_bulk_file.htm
ig_admin\bulkops\data_items_for_biometrics_bulk_files.htm
ig_admin\bulkops\data_items_for_certificate_bulk_operations.htm
ig_admin\bulkops\data_items_for_contact_information_bulk_files.htm
ig_admin\bulkops\data_items_for_digital_id_bulk_files.htm
ig_admin\bulkops\data_items_for_federation_bulk_files.htm
ig_admin\bulkops\data_items_for_grid_card_bulk_files.htm
ig_admin\bulkops\data_items_for_one-time_password_bulk_operations.htm
ig_admin\bulkops\data_items_for_password_bulk_files.htm
ig_admin\bulkops\data_items_for_personal_verification_number_bulk_files.htm
ig_admin\bulkops\data_items_for_smart_credential_bulk_files.htm
ig_admin\bulkops\data_items_for_temporary_pin_bulk_files.htm
ig_admin\bulkops\data_items_for_token_bulk_files.htm
ig_admin\bulkops\data_items_for_user_account_bulk_files.htm
ig_admin\bulkops\digital_id_bulk_operations.htm
ig_admin\bulkops\editing_a_bulk_file.htm
ig_admin\bulkops\federation_bulk_operations.htm
ig_admin\bulkops\grid_card_bulk_operations.htm
ig_admin\bulkops\limitations_of_bulk_operations.htm
ig_admin\bulkops\one-time_password_bulk_operations.htm
ig_admin\bulkops\password_bulk_operations.htm
ig_admin\bulkops\perform_bulk_operations.htm
ig_admin\bulkops\perform_bulk_operations_in_the_administration_interface.htm
ig_admin\bulkops\personal_verification_number_bulk_operations.htm
ig_admin\bulkops\smart_credential_bulk_operations.htm
ig_admin\bulkops\temporary_pin_bulk_operations.htm
ig_admin\bulkops\token_bulk_operations.htm
ig_admin\bulkops\user_account_bulk_operations.htm
ig_admin\bulkops\validate_a_bulk_file.htm
ig_admin\certauth\about_certificates.htm
ig_admin\certauth\administering_ca_certificates.htm
ig_admin\certauth\administering_user_certificates.htm
ig_admin\certauth\auditing_user_certificates.htm
ig_admin\certauth\before_you_configure_certificate_authentication.htm
ig_admin\certauth\ca_certificates.htm
ig_admin\certauth\ca_certificates_provided_with_entrust_identityguard.htm
ig_admin\certauth\certificate_authentication.htm
ig_admin\certauth\certificate_authentication_overview.htm
ig_admin\certauth\certificate_validation.htm
ig_admin\certauth\challenge_response_using_certificate.htm
ig_admin\certauth\changing_user_certificates.htm
ig_admin\certauth\configuring_certificate_authentication.htm
ig_admin\certauth\configuring_certificate_authentication_policies.htm
ig_admin\certauth\configuring_revocation_checking_for_various_cas.htm
ig_admin\certauth\deleting_ca_certificates.htm
ig_admin\certauth\deleting_user_certificates.htm
ig_admin\certauth\disabling_certificate_authentication.htm
ig_admin\certauth\exporting_ca_certificates.htm
ig_admin\certauth\exporting_user_certificates.htm
ig_admin\certauth\finding_user_certificates.htm
ig_admin\certauth\importing_and_assigning_user_certificates.htm
ig_admin\certauth\loading_ca_certificates.htm
ig_admin\certauth\modifying_ca_certificates.htm
ig_admin\certauth\registering_certificates.htm
ig_admin\certauth\revocation_checking_of_ca_certificates.htm
ig_admin\certauth\risk-based_authentication_using_a_certificate.htm
ig_admin\certauth\user_certificates.htm
ig_admin\collect_diagnostic_data.htm
ig_admin\config_adminappsecurity\changing_x-frame_options.htm
ig_admin\config_adminappsecurity\config_adminappsecurity.htm
ig_admin\config_adminappsecurity\overview_of_the_x-frame-options_directive_settings.htm
ig_admin\config_admins\administrator_overview.htm
ig_admin\config_admins\change_a_password_for_another_administrator.htm
ig_admin\config_admins\changing_a_password_while_logged_in.htm
ig_admin\config_admins\config_admins.htm
ig_admin\config_admins\configuring_an_administrator_to_use_second-factor_authentication.htm
ig_admin\config_admins\creating_a_password_for_another_administrator.htm
ig_admin\config_admins\creating_an_administrator.htm
ig_admin\config_admins\creating_and_changing_administrator_passwords.htm
ig_admin\config_admins\deleting_an_administrator.htm
ig_admin\config_admins\demoting_an_administrator.htm
ig_admin\config_admins\finding_an_administrator.htm
ig_admin\config_admins\modifying_an_administrator.htm
ig_admin\config_admins\promote_a_user_to_administrator.htm
ig_admin\config_admins\retrievable_passwords.htm
ig_admin\config_adminsso\configure_authentication_on_the_federation_module.htm
ig_admin\config_adminsso\configure_properties_for_saml_login_to_the_administration_interface.htm
ig_admin\config_adminsso\configure_properties_for_smart_credential_login.htm
ig_admin\config_adminsso\configure_saml_login_to_the_authentication_interface.htm
ig_admin\config_adminsso\configure_the_web_application_server_to_request_client_authentication.htm
ig_admin\config_adminsso\configuring_smart_credential_login_to_the_administration.htm
ig_admin\config_adminsso\copy_the_administration_interface_metadata_file_to_federation_module.htm
ig_admin\config_adminsso\create_a_delegation_administrator.htm
ig_admin\config_adminsso\create_a_delegation_administrator_for_smart_credential_login.htm
ig_admin\config_adminsso\enable_auto-reloading_of_metadata.htm
ig_admin\config_adminsso\enable_the_saml_policy_through_the_administration_interface.htm
ig_admin\config_adminsso\enable_the_smart_credential_policy_for_smart_credential_login.htm
ig_admin\config_adminsso\generate_a_saml_certificate_to_be_used_by_entrust_identityguard_server.htm
ig_admin\config_adminsso\how_smart_credential_authentication_works_with_the.htm
ig_admin\config_adminsso\how_smart_credential_logout_and_re-login_works.htm
ig_admin\config_adminsso\how_the_saml_login_works_with_the_administration_interface.htm
ig_admin\config_adminsso\how_the_saml_logout_and_re-login_works.htm
ig_admin\config_adminsso\import_all_ca_certificates.htm
ig_admin\config_adminsso\import_the_federation_module_web_certificate.htm
ig_admin\config_adminsso\import_the_metadata_and_keys_into_the_federation_module.htm
ig_admin\config_adminsso\overview.htm
ig_admin\config_adminsso\prerequisites.htm
ig_admin\config_adminsso\restart_the_entrust_identityguard_server_and_test_smart_credential_login.htm
ig_admin\config_adminsso\restart_the_server_and_verify_that_the_saml_link_appears.htm
ig_admin\config_adminsso\saml_authentication_to_the_administration_interface.htm
ig_admin\config_adminsso\smart_credential_authentication_to_the_administration_interface.htm
ig_admin\config_adminsso\test_saml_authentication_to_the_administration_interface.htm
ig_admin\config_adminsso\update_the_entrust_identityguard_server_saml_keys.htm
ig_admin\config_groups\assigning_policies_to_groups.htm
ig_admin\config_groups\config_groups.htm
ig_admin\config_groups\creating_a_group.htm
ig_admin\config_groups\deleting_a_group.htm
ig_admin\config_groups\enforcing_unique_user_names_across_groups.htm
ig_admin\config_groups\entrust_identityguard_groups_overview.htm
ig_admin\config_groups\finding_a_group.htm
ig_admin\config_groups\matching_a_group_to_a_user.htm
ig_admin\config_groups\modifying_a_group.htm
ig_admin\config_groups\setting_repository_order.htm
ig_admin\config_groups\using_groups_effectively.htm
ig_admin\config_groups\using_multiple_repositories_with_groups.htm
ig_admin\config_igserver\adding_a_new_database_repository.htm
ig_admin\config_igserver\adding_a_new_ldap_repository.htm
ig_admin\config_igserver\avoiding_duplicate_soft_token_serial_numbers.htm
ig_admin\config_igserver\avoiding_duplicate_token_serial_numbers.htm
ig_admin\config_igserver\config_igserver.htm
ig_admin\config_igserver\configure_an_audit_database.htm
ig_admin\config_igserver\configuring_an_ldap_directory.htm
ig_admin\config_igserver\configuring_failover_and_high_availability.htm
ig_admin\config_igserver\configuring_repository_failover.htm
ig_admin\config_igserver\configuring_token_and_grid_card_repositories.htm
ig_admin\config_igserver\creating_a_partition_without_allocating_user_or_grid_numbers.htm
ig_admin\config_igserver\creating_partitions_to_avoid_duplicate_user_numbers.htm
ig_admin\config_igserver\determining_when_to_allocate_more_users_or_grids_to_a_partition.htm
ig_admin\config_igserver\enable_cached_challenges.htm
ig_admin\config_igserver\failover_configuration_overview.htm
ig_admin\config_igserver\failover_scenarios.htm
ig_admin\config_igserver\how_user_and_licensed-item_counting_works_when_partitions_are.htm
ig_admin\config_igserver\information_maintained_by_the_partition.htm
ig_admin\config_igserver\map_contact_info_from_an_ldap_directory.htm
ig_admin\config_igserver\mitigating_performance_degradation_when_a_secondary_repository.htm
ig_admin\config_igserver\modify_a_database_repository.htm
ig_admin\config_igserver\modify_a_directory_repository.htm
ig_admin\config_igserver\moving_data_between_repositories.htm
ig_admin\config_igserver\moving_policy_information_from_one_repository_to_another.htm
ig_admin\config_igserver\moving_preproduced_grid_cards_from_one_repository_to_another.htm
ig_admin\config_igserver\moving_unassigned_tokens_from_one_repository_to_another.htm
ig_admin\config_igserver\moving_users_from_one_repository_to_another.htm
ig_admin\config_igserver\other_operational_plans_before_using_partitions.htm
ig_admin\config_igserver\partitions_and_the_global_policy_licensing.htm
ig_admin\config_igserver\preparing_the_new_data_repository.htm
ig_admin\config_igserver\radius_server_failover.htm
ig_admin\config_igserver\removing_old_repository_definitions.htm
ig_admin\config_igserver\repositories_and_groups.htm
ig_admin\config_igserver\repository_access.htm
ig_admin\config_igserver\repository_configuration.htm
ig_admin\config_igserver\repository_failover.htm
ig_admin\config_igserver\repository_overview.htm
ig_admin\config_igserver\running_multiple_load-balanced_entrust_identityguard_servers.htm
ig_admin\config_igserver\securing_the_ldap_connection_with_ssl.htm
ig_admin\config_igserver\server_hot-standby_and_load-balancing.htm
ig_admin\config_igserver\setting_up_user_grid_card_and_token_repositories.htm
ig_admin\config_igserver\specifying_multiple_repositories.htm
ig_admin\config_igserver\suspend_disabled_or_expired_ldap_users.htm
ig_admin\config_igserver\updating_the_directory_password.htm
ig_admin\config_igserver\using_a_search_base.htm
ig_admin\config_igserver\using_an_audit_database.htm
ig_admin\config_igserver\using_partitions.htm
ig_admin\config_igserver\using_partitions_to_avoid_duplicate_grid_card_serial_numbers.htm
ig_admin\config_igserver\why_use_partitions.htm
ig_admin\config_licenses\biometrics_licenses.htm
ig_admin\config_licenses\disable_license_auditing.htm
ig_admin\config_licenses\display_license_information.htm
ig_admin\config_licenses\entrust_identityguard_licenses_overview.htm
ig_admin\config_licenses\forcing_a_license_audit.htm
ig_admin\config_licenses\how_license_counting_works.htm
ig_admin\config_licenses\identity_assured_with_smart_credentials_licenses.htm
ig_admin\config_licenses\license_auditing.htm
ig_admin\config_licenses\managing_licenses.htm
ig_admin\config_licenses\mobile_facial_recognition_licenses.htm
ig_admin\config_licenses\mobile_smart_credentials_licenses.htm
ig_admin\config_licenses\modify_license_auditing.htm
ig_admin\config_licenses\smart_credentials_licenses.htm
ig_admin\config_licenses\soft_tokens_licenses.htm
ig_admin\config_licenses\transaction_verification_with_soft_tokens_licenses.htm
ig_admin\config_licenses\update_license_information.htm
ig_admin\config_licenses\users_licenses.htm
ig_admin\config_logging\administrator_audit_messages.htm
ig_admin\config_logging\audit_based_audit_messages.htm
ig_admin\config_logging\audited_event_reference.htm
ig_admin\config_logging\authentication_audit_messages.htm
ig_admin\config_logging\biometrics_license_audit_messages.htm
ig_admin\config_logging\ca_certificate_audits.htm
ig_admin\config_logging\change_the_audit_logging_properties.htm
ig_admin\config_logging\configure_audits_to_be_sent_as_snmp_traps.htm
ig_admin\config_logging\configure_authentication_audits.htm
ig_admin\config_logging\configure_snmp_properties.htm
ig_admin\config_logging\configure_the_linux_logs.htm
ig_admin\config_logging\configuring_a_database.htm
ig_admin\config_logging\configuring_logging_and_auditing.htm
ig_admin\config_logging\contact_information_audit_messages.htm
ig_admin\config_logging\control_the_view_of_data_in_the_audit_monitor.htm
ig_admin\config_logging\default_file_logging_locations.htm
ig_admin\config_logging\digital_id_configuration_audit_messages.htm
ig_admin\config_logging\entrust_identityguard_radius_proxy_audits.htm
ig_admin\config_logging\group_audit_messages.htm
ig_admin\config_logging\hardware_security_module_hsm_audit_messages.htm
ig_admin\config_logging\heartbeat_traps_or_ping_traps.htm
ig_admin\config_logging\identity_assured_with_smart_credentials_license_audit_messages.htm
ig_admin\config_logging\ip_blacklist_audit_messages.htm
ig_admin\config_logging\license_audit_messages.htm
ig_admin\config_logging\load_the_entrust_identityguard_mib_into_your_snmp_manager.htm
ig_admin\config_logging\log_file_example.htm
ig_admin\config_logging\logging_debug_messages_in_syslog.htm
ig_admin\config_logging\logging_overview.htm
ig_admin\config_logging\machine_secret_audit_messages.htm
ig_admin\config_logging\managed_ca_audit_messages.htm
ig_admin\config_logging\master_key_related_audit_messages.htm
ig_admin\config_logging\master_user_audit_messages.htm
ig_admin\config_logging\mobile_smart_credential_license_audit_messages.htm
ig_admin\config_logging\otp_audit_messages.htm
ig_admin\config_logging\pacs_audit_messages.htm
ig_admin\config_logging\partition_audit_messages.htm
ig_admin\config_logging\password_audit_messages.htm
ig_admin\config_logging\policy_audit_messages.htm
ig_admin\config_logging\preproduced_card_audit_messages.htm
ig_admin\config_logging\property_configuration_audit_messages.htm
ig_admin\config_logging\property_editor_audit_messages.htm
ig_admin\config_logging\proxy_audit_messages.htm
ig_admin\config_logging\pvn_audit_messages.htm
ig_admin\config_logging\reporting_audit_messages.htm
ig_admin\config_logging\role_audit_messages.htm
ig_admin\config_logging\service_audit_messages.htm
ig_admin\config_logging\set_audit_logging_properties.htm
ig_admin\config_logging\set_general_logging_properties.htm
ig_admin\config_logging\set_system_logging_properties.htm
ig_admin\config_logging\smart_credential_applet_audit_messages.htm
ig_admin\config_logging\smart_credential_configuration_audit_messages.htm
ig_admin\config_logging\smart_credential_definition_audit_messages.htm
ig_admin\config_logging\smart_credential_graphic_audit_messages.htm
ig_admin\config_logging\smart_credential_layout_audit_messages.htm
ig_admin\config_logging\smart_credential_license_audit_messages.htm
ig_admin\config_logging\smart_credential_print_module_audit_messages.htm
ig_admin\config_logging\snmp_audit_messages.htm
ig_admin\config_logging\snmp_manager_server_and_port.htm
ig_admin\config_logging\soft_token_license_audit_messages.htm
ig_admin\config_logging\soft_token_transaction_verification_audit_messages.htm
ig_admin\config_logging\specify_how_much_audit_log_data_to_keep_and_for_how_long.htm
ig_admin\config_logging\specify_the_data_you_see_in_the_audit_monitor.htm
ig_admin\config_logging\system_initialization_audit_messages.htm
ig_admin\config_logging\temporary_pin_audit_messages.htm
ig_admin\config_logging\transaction_certificate_audit_messages.htm
ig_admin\config_logging\transaction_verification_with_soft_tokens_license_audit_messages.htm
ig_admin\config_logging\unassigned_smart_credential_audits.htm
ig_admin\config_logging\unassigned_token_audit_messages.htm
ig_admin\config_logging\upgrade_audits.htm
ig_admin\config_logging\user_audit_messages.htm
ig_admin\config_logging\user_biometric_audit_messages.htm
ig_admin\config_logging\user_card_audit_messages.htm
ig_admin\config_logging\user_certificate_audits.htm
ig_admin\config_logging\user_digital_id_audits.htm
ig_admin\config_logging\user_federation_audit_messages.htm
ig_admin\config_logging\user_preference_audit_messages.htm
ig_admin\config_logging\user_smart_credential_audits.htm
ig_admin\config_logging\user_smart_credential_expiry_notification_delivery_audit.htm
ig_admin\config_logging\user_token_audit_messages.htm
ig_admin\config_logging\view_historical_audits_in_the_administration_interface.htm
ig_admin\config_logging\view_real-time_audits_in_the_audit_monitor.htm
ig_admin\config_policies\administration_policies.htm
ig_admin\config_policies\authentication_types_policies.htm
ig_admin\config_policies\basic_policy_settings.htm
ig_admin\config_policies\biometric_policies.htm
ig_admin\config_policies\card_policies.htm
ig_admin\config_policies\card_token_activation_policies.htm
ig_admin\config_policies\certificate_authentication_policies.htm
ig_admin\config_policies\characteristics_of_device_fingerprint_attributes.htm
ig_admin\config_policies\configure_the_authentication_types_policy.htm
ig_admin\config_policies\configuring_policies.htm
ig_admin\config_policies\creating_policies.htm
ig_admin\config_policies\deleting_a_policy.htm
ig_admin\config_policies\device_fingerprint_attributes_android.htm
ig_admin\config_policies\device_fingerprint_attributes_ios.htm
ig_admin\config_policies\device_fingerprint_attributes_web.htm
ig_admin\config_policies\digital_id_policies.htm
ig_admin\config_policies\edit_a_policy.htm
ig_admin\config_policies\entrust_identityguard_policies_overview.htm
ig_admin\config_policies\external_risk_score_policies.htm
ig_admin\config_policies\find_a_policy.htm
ig_admin\config_policies\initial_administration_workflow.htm
ig_admin\config_policies\ip_geolocation_policies.htm
ig_admin\config_policies\knowledge-based_authentication_policies.htm
ig_admin\config_policies\lockout_modes_and_examples.htm
ig_admin\config_policies\lockout_policies.htm
ig_admin\config_policies\machine_secret_policies.htm
ig_admin\config_policies\modify_the_authentication_types_policy.htm
ig_admin\config_policies\mutual_authentication_policies.htm
ig_admin\config_policies\one-time_password_policies.htm
ig_admin\config_policies\password_policies.htm
ig_admin\config_policies\personal_verification_number_policies.htm
ig_admin\config_policies\policies_quick_reference.htm
ig_admin\config_policies\repository_data_policies.htm
ig_admin\config_policies\risk-based_authentication_policies.htm
ig_admin\config_policies\shared_secret_policies.htm
ig_admin\config_policies\smart_credential_policies.htm
ig_admin\config_policies\switching_lockout_modes.htm
ig_admin\config_policies\temporary_pin_policies.htm
ig_admin\config_policies\token_policies.htm
ig_admin\config_policies\transaction_policies.htm
ig_admin\config_policies\user_data_policies.htm
ig_admin\config_policies\view_the_authentication_types_policy.htm
ig_admin\config_radius_proxy\configure_entrust_identityguard_authentication_methods_for.htm
ig_admin\config_radius_proxy\configuring_the_entrust_identityguard_radius_proxy.htm
ig_admin\config_radius_proxy\configuring_the_radius_proxy_configuration.htm
ig_admin\config_radius_proxy\configuring_the_radius_proxy_for_eap_wireless_support.htm
ig_admin\config_radius_proxy\configuring_the_radius_proxy_for_groups.htm
ig_admin\config_radius_proxy\configuring_the_radius_proxy_for_vpn_servers.htm
ig_admin\config_radius_proxy\configuring_the_radius_proxy_to_use_eap.htm
ig_admin\config_radius_proxy\configuring_the_radius_response_attributes.htm
ig_admin\config_radius_proxy\configuring_your_vpn_servers_for_the_radius_proxy.htm
ig_admin\config_radius_proxy\creating_an_eap_self-signed_certificate.htm
ig_admin\config_radius_proxy\customizing_error_messages.htm
ig_admin\config_radius_proxy\customizing_vpn_challenge_strings.htm
ig_admin\config_radius_proxy\editing_vpn_challenge_strings.htm
ig_admin\config_radius_proxy\enabling_or_disabling_automatic_startup_of_the_radius_proxy.htm
ig_admin\config_radius_proxy\external_authentication_using_the_radius_proxy.htm
ig_admin\config_radius_proxy\first-factor_authentication_options.htm
ig_admin\config_radius_proxy\grid_challenge_string.htm
ig_admin\config_radius_proxy\null_authentication_using_the_radius_proxy.htm
ig_admin\config_radius_proxy\otp_challenge_string.htm
ig_admin\config_radius_proxy\password_authentication_using_the_radius_proxy.htm
ig_admin\config_radius_proxy\q_a_challenge_string.htm
ig_admin\config_radius_proxy\radius_authentication_using_the_radius_proxy.htm
ig_admin\config_radius_proxy\radius_proxy_configuration_overview.htm
ig_admin\config_radius_proxy\radius_proxy_integration_overview.htm
ig_admin\config_radius_proxy\reading_vpn_challenge_strings.htm
ig_admin\config_radius_proxy\replacing_your_radius_authentication_with_entrust_identityguard.htm
ig_admin\config_radius_proxy\second-factor_authentication_options.htm
ig_admin\config_radius_proxy\starting_and_stopping_the_radius_proxy.htm
ig_admin\config_radius_proxy\starting_and_stopping_the_radius_proxy_on_linux.htm
ig_admin\config_radius_proxy\starting_and_stopping_the_radius_proxy_on_windows.htm
ig_admin\config_radius_proxy\supported_authentication_methods_and_protocols.htm
ig_admin\config_radius_proxy\supported_wireless_authentication_protocols.htm
ig_admin\config_radius_proxy\token_challenge_string.htm
ig_admin\config_radius_proxy\understanding_challenge_string_syntax.htm
ig_admin\config_radius_proxy\using_a_radius_server_for_first-factor_authentication.htm
ig_admin\config_radius_proxy\using_entrust_identityguard_groups_with_a_vpn_server.htm
ig_admin\config_radius_proxy\using_external_authentication_for_first-factor_authentication.htm
ig_admin\config_radius_proxy\using_mobile_soft_tokens_for_second-factor_authentication.htm
ig_admin\config_radius_proxy\vpn_challenge_string_reference.htm
ig_admin\config_radius_proxy\wireless_authentication_using_the_radius_proxy.htm
ig_admin\config_radius_server\config_radius_server.htm
ig_admin\config_radius_server\configuring_a_radius_server.htm
ig_admin\config_radius_server\configuring_radius_server_for_failover_and_high_availability.htm
ig_admin\config_radius_server\creating_modifying_and_removing_radius_servers.htm
ig_admin\config_reporting\adding_language_translation_for_a_report.htm
ig_admin\config_reporting\changing_static_text_in_the_report_output.htm
ig_admin\config_reporting\configuring_reports.htm
ig_admin\config_reporting\create_a_personal_report_query.htm
ig_admin\config_reporting\customize_report_templates.htm
ig_admin\config_reporting\deleting_reports.htm
ig_admin\config_reporting\edit_a_personal_report_query.htm
ig_admin\config_reporting\generate_a_report_from_a_saved_report_query.htm
ig_admin\config_reporting\generate_and_manage_reports.htm
ig_admin\config_reporting\generating_reports_in_the_administration_interface.htm
ig_admin\config_reporting\generating_reports_in_the_master_user_shell.htm
ig_admin\config_reporting\managing_reports_using_the_master_user_shell.htm
ig_admin\config_reporting\managing_your_report_search_criteria.htm
ig_admin\config_reporting\replacing_the_logo_in_the_report_output.htm
ig_admin\config_reporting\reporting_overview.htm
ig_admin\config_reporting\setting_reporting_properties.htm
ig_admin\config_reporting\tips_for_optimal_reporting_performance.htm
ig_admin\config_reporting\viewing_reports.htm
ig_admin\config_roles\administrators_with_multiple_roles.htm
ig_admin\config_roles\analyzing_client_application_and_administrator_roles.htm
ig_admin\config_roles\application-specific_permissions.htm
ig_admin\config_roles\audit_permissions.htm
ig_admin\config_roles\biometric_permissions.htm
ig_admin\config_roles\built-in_roles.htm
ig_admin\config_roles\ca_certificate_permissions.htm
ig_admin\config_roles\card_permissions.htm
ig_admin\config_roles\configuring_roles.htm
ig_admin\config_roles\create_a_role.htm
ig_admin\config_roles\deleting_a_role.htm
ig_admin\config_roles\entrust_identityguard_roles_overview.htm
ig_admin\config_roles\external_q_a_permissions.htm
ig_admin\config_roles\find_a_role.htm
ig_admin\config_roles\group_permissions.htm
ig_admin\config_roles\managed_ca_permissions.htm
ig_admin\config_roles\modify_a_role.htm
ig_admin\config_roles\pacs_permissions.htm
ig_admin\config_roles\partition_permissions.htm
ig_admin\config_roles\permissions_quick_reference.htm
ig_admin\config_roles\policy_permissions.htm
ig_admin\config_roles\proxy_permissions.htm
ig_admin\config_roles\report_permissions1.htm
ig_admin\config_roles\risk_engine_permissions.htm
ig_admin\config_roles\role_permissions.htm
ig_admin\config_roles\skipping_second-factor_authentication.htm
ig_admin\config_roles\smart_credential_permissions.htm
ig_admin\config_roles\system_and_license_permissions.htm
ig_admin\config_roles\token_permissions.htm
ig_admin\config_roles\transaction_certificate_permissions.htm
ig_admin\config_roles\understanding_roles.htm
ig_admin\config_roles\user_authentication_secrets_permissions.htm
ig_admin\config_roles\user_certificates_permissions.htm
ig_admin\config_roles\user_contact_information_permissions.htm
ig_admin\config_roles\user_digital_id_permissions.htm
ig_admin\config_roles\user_federations_permissions.htm
ig_admin\config_roles\user_location_permissions.htm
ig_admin\config_roles\user_machine_secrets_permissions.htm
ig_admin\config_roles\user_one-time_password_permissions.htm
ig_admin\config_roles\user_password_permissions.htm
ig_admin\config_roles\user_permissions.htm
ig_admin\config_roles\user_personal_verification_number_permissions.htm
ig_admin\config_roles\user_question_and_answer_permissions.htm
ig_admin\config_roles\user_registration_password_permissions.htm
ig_admin\config_roles\user_shared_secret_permissions.htm
ig_admin\config_roles\user_smart_credential_permissions.htm
ig_admin\config_roles\user_temporary_pin_permissions.htm
ig_admin\config_security\binding_and_unbinding_the_master_keys.htm
ig_admin\config_security\binding_and_unbinding_the_master_keys_for_computer_hardware.htm
ig_admin\config_security\binding_the_master_keys.htm
ig_admin\config_security\check_for_certificates_nearing_expiry.htm
ig_admin\config_security\checking_the_bind_status_of_the_master_keys.htm
ig_admin\config_security\download_a_certificate_from_the_key_store.htm
ig_admin\config_security\generate_a_self-signed_certificate.htm
ig_admin\config_security\import_a_trusted_certificate.htm
ig_admin\config_security\import_certificates_using_keytool.htm
ig_admin\config_security\manage_certificates_using_keytool.htm
ig_admin\config_security\manage_certificates_using_the_key_store_management_tab.htm
ig_admin\config_security\managing_certificates_in_the_key_store.htm
ig_admin\config_security\managing_keys_and_passwords.htm
ig_admin\config_security\master_key_protection_overview.htm
ig_admin\config_security\overview_of_the_key_store_management_tab.htm
ig_admin\config_security\recovering_from_hardware_changes_when_the_master_keys_were_bound.htm
ig_admin\config_security\remove_a_trusted_certificate.htm
ig_admin\config_security\switch_to_a_ca-signed_certificate.htm
ig_admin\config_security\switch_to_a_ca-signed_certificate_using_keytool.htm
ig_admin\config_security\unbinding_the_master_keys.htm
ig_admin\config_security\updating_the_hsm_password.htm
ig_admin\config_security\updating_the_master_keys_and_repositories.htm
ig_admin\configsectionfirst\configsectionfirst.htm
ig_admin\enablingme\1_install_a_certification_authority_ca.htm
ig_admin\enablingme\2_install_security_manager_administration_or_admin_services.htm
ig_admin\enablingme\3_install_entrust_identityguard_server_10_2_and_any_features.htm
ig_admin\enablingme\4_install_self-service_module_10_2_and_any_patches.htm
ig_admin\enablingme\adding_a_digital_id_configuration_microsoft_ca.htm
ig_admin\enablingme\adding_a_digital_id_configuration_security_manager_ca.htm
ig_admin\enablingme\configuring_a_managed_ca_microsoft_ca.htm
ig_admin\enablingme\configuring_a_managed_ca_security_manager_ca.htm
ig_admin\enablingme\creating_a_scep_epf_file_security_manager_ca.htm
ig_admin\enablingme\creating_a_scep_p12_file_microsoft_ca.htm
ig_admin\enablingme\creating_an_xap_admin_role.htm
ig_admin\enablingme\creating_an_xap_credential_epf_file.htm
ig_admin\enablingme\enablingme.htm
ig_admin\enablingme\step_10_add_a_digital_id_configuration.htm
ig_admin\enablingme\step_11_add_a_scep_trusted_signer_certificate.htm
ig_admin\enablingme\step_12_configure_digital_id_policies.htm
ig_admin\enablingme\step_13_configure_the_ios_profile.htm
ig_admin\enablingme\step_14_mirror_password_rules.htm
ig_admin\enablingme\step_15_configure_security_manager_policies.htm
ig_admin\enablingme\step_16_give_self-service_more_permissions.htm
ig_admin\enablingme\step_17_configure_self-service_basics.htm
ig_admin\enablingme\step_18_configure_self-service_administration.htm
ig_admin\enablingme\step_19_configure_self-service_properties.htm
ig_admin\enablingme\step_20_configure_scep_audit_and_logging_properties.htm
ig_admin\enablingme\step_21_restart_the_self-service_module.htm
ig_admin\enablingme\step_22_test_the_mobile_enrollment_configuration.htm
ig_admin\enablingme\step_23_add_users.htm
ig_admin\enablingme\step_24_set_up_a_front-end_web_server.htm
ig_admin\enablingme\step_5_create_a_scep_account.htm
ig_admin\enablingme\step_6_configure_a_microsoft_certificate_template.htm
ig_admin\enablingme\step_7_create_scep_credentials.htm
ig_admin\enablingme\step_8_create_xap_credentials.htm
ig_admin\enablingme\step_9_configure_a_managed_ca.htm
ig_admin\enablingme\steps_1_-_4_install_software.htm
ig_admin\enablingme\user_experience.htm
ig_admin\externalauth\configuring_external_authentication_failover_and_high.htm
ig_admin\externalauth\configuring_external_authentication_for_a_domain_controller.htm
ig_admin\externalauth\configuring_external_authentication_for_an_ldap_directory.htm
ig_admin\externalauth\configuring_external_authentication_policies.htm
ig_admin\externalauth\configuring_the_kdc_map_file.htm
ig_admin\externalauth\disabling_external_authentication.htm
ig_admin\externalauth\enable_password_change_with_ad_lds.htm
ig_admin\externalauth\external_authentication_overview.htm
ig_admin\externalauth\externalauth.htm
ig_admin\externalauth\kerberos_case.htm
ig_admin\externalauth\setting_external_as_an_authentication_method.htm
ig_admin\externalauth\using_groups_with_external_authentication.htm
ig_admin\gridauthentication\administering_assigned_grid_cards.htm
ig_admin\gridauthentication\administering_unassigned_grid_cards.htm
ig_admin\gridauthentication\api_operations_for_passcode_lists.htm
ig_admin\gridauthentication\approach_1_creating_preproduced_grid_cards_for_printing.htm
ig_admin\gridauthentication\approach_2_loading_preproduced_cards_from_entrust.htm
ig_admin\gridauthentication\approach_3_creating_a_grid_card_for_a_specific_user.htm
ig_admin\gridauthentication\assign_grid_cards_to_users.htm
ig_admin\gridauthentication\authenticating_grid_card_users.htm
ig_admin\gridauthentication\cancel_a_grid_card.htm
ig_admin\gridauthentication\cell_alphabet.htm
ig_admin\gridauthentication\cell_replacements.htm
ig_admin\gridauthentication\challenge_generation_algorithms.htm
ig_admin\gridauthentication\configure_delivery_of_egrids.htm
ig_admin\gridauthentication\configure_grid_card_export_properties.htm
ig_admin\gridauthentication\configure_grid_card_or_token_activation_period_policies.htm
ig_admin\gridauthentication\configure_grid_repository_properties.htm
ig_admin\gridauthentication\configure_the_properties_to_enable_egrid_generation.htm
ig_admin\gridauthentication\configuring_grid_authentication_policies.htm
ig_admin\gridauthentication\configuring_grid_card_design_and_behavior_policies.htm
ig_admin\gridauthentication\configuring_grid_card_policies.htm
ig_admin\gridauthentication\configuring_grid_card_storage_properties.htm
ig_admin\gridauthentication\configuring_passcode_list_authentication.htm
ig_admin\gridauthentication\create_and_send_an_egrid_using_admin_ui.htm
ig_admin\gridauthentication\creating_grid_cards.htm
ig_admin\gridauthentication\customize_the_egrid_email_delivery_template.htm
ig_admin\gridauthentication\deleting_an_unassigned_grid_card.htm
ig_admin\gridauthentication\deleting_grid_cards.htm
ig_admin\gridauthentication\deleting_user_challenges.htm
ig_admin\gridauthentication\exporting_assigned_grid_card_information.htm
ig_admin\gridauthentication\exporting_grid_card_information.htm
ig_admin\gridauthentication\finding_and_deleting_corrupt_grid_cards.htm
ig_admin\gridauthentication\finding_grid_card_information.htm
ig_admin\gridauthentication\finding_unassigned_grid_card_information.htm
ig_admin\gridauthentication\finding_users_based_on_activation_details.htm
ig_admin\gridauthentication\forcing_grid_card_or_token_activation.htm
ig_admin\gridauthentication\generate_and_send_an_egrid.htm
ig_admin\gridauthentication\grid_authentication_overview.htm
ig_admin\gridauthentication\grid_card_policies_for_passcode_lists.htm
ig_admin\gridauthentication\grid_card_state_overview.htm
ig_admin\gridauthentication\grid_challenge_size.htm
ig_admin\gridauthentication\grid_state_rules.htm
ig_admin\gridauthentication\gridauthentication.htm
ig_admin\gridauthentication\manage_a_lost_or_stolen_grid_card.htm
ig_admin\gridauthentication\master_user_shell_commands_for_grid_authentication.htm
ig_admin\gridauthentication\modifying_and_importing_grid_card_information.htm
ig_admin\gridauthentication\modifying_unassigned_grid_card_information.htm
ig_admin\gridauthentication\moving_an_assigned_grid_card_back_to_the_preproduced_list.htm
ig_admin\gridauthentication\reconfiguring_the_next_grid_card_serial_number.htm
ig_admin\gridauthentication\replacing_a_grid_card.htm
ig_admin\gridauthentication\setting_the_activation_period_at_the_user_level.htm
ig_admin\gridauthentication\storing_unassigned_grid_card_information.htm
ig_admin\gridauthentication\unassigned_deleted_valid_active_expired_and_superseded_grids.htm
ig_admin\gridauthentication\viewing_a_user_grid.htm
ig_admin\gridauthentication\when_to_replace_a_user_grid_card.htm
ig_admin\knowledgebasedauth\administering_knowledge-based_authentication.htm
ig_admin\knowledgebasedauth\allowing_inexact_answers.htm
ig_admin\knowledgebasedauth\challenge_accuracy.htm
ig_admin\knowledgebasedauth\challenge_requirements.htm
ig_admin\knowledgebasedauth\challenge_size.htm
ig_admin\knowledgebasedauth\configure_knowledge-based_authentication.htm
ig_admin\knowledgebasedauth\configuring_knowledge-based_authentication_policies.htm
ig_admin\knowledgebasedauth\configuring_knowledge-based_question_policies.htm
ig_admin\knowledgebasedauth\configuring_the_policy_for_external_q_a.htm
ig_admin\knowledgebasedauth\configuring_your_external_q_a_provider_implementation_to_work.htm
ig_admin\knowledgebasedauth\creating_good_questions.htm
ig_admin\knowledgebasedauth\creating_question-and-answer_pairs.htm
ig_admin\knowledgebasedauth\deleting_a_question.htm
ig_admin\knowledgebasedauth\deleting_user_challenges2.htm
ig_admin\knowledgebasedauth\editing_the_map_file.htm
ig_admin\knowledgebasedauth\ensuring_exact_answers.htm
ig_admin\knowledgebasedauth\knowledge-based_authentication.htm
ig_admin\knowledgebasedauth\knowledge-based_authentication_overview.htm
ig_admin\knowledgebasedauth\map_file_editing_rules.htm
ig_admin\knowledgebasedauth\master_user_shell_commands_for_knowledge-based_authentication.htm
ig_admin\knowledgebasedauth\question_requirements.htm
ig_admin\knowledgebasedauth\sample_questions.htm
ig_admin\knowledgebasedauth\searching_for_users_who_have_challenge_questions.htm
ig_admin\knowledgebasedauth\security_considerations.htm
ig_admin\knowledgebasedauth\selecting_a_set_of_questions.htm
ig_admin\knowledgebasedauth\set_the_number_of_correct_answers_required.htm
ig_admin\knowledgebasedauth\setting_question_and_answer_q_a_as_an_authentication_method.htm
ig_admin\knowledgebasedauth\setting_the_number_of_questions_asked.htm
ig_admin\knowledgebasedauth\sources_of_questions.htm
ig_admin\knowledgebasedauth\using_external_q_a_data_for_entrust_identityguard_authentication.htm
ig_admin\knowledgebasedauth\view_user_questions_and_answers.htm
ig_admin\machineauth\choosing_good_application_data.htm
ig_admin\machineauth\configure_a_device_fingerprint.htm
ig_admin\machineauth\configure_machine_authentication_policies.htm
ig_admin\machineauth\configuring_a_good_machine_secret.htm
ig_admin\machineauth\creating_a_machine_secret.htm
ig_admin\machineauth\delete_a_machine_secret.htm
ig_admin\machineauth\include_machine_authentication_in_a_policy.htm
ig_admin\machineauth\machine_authentication.htm
ig_admin\machineauth\machine_secrets_that_provide_a_high_security_level.htm
ig_admin\machineauth\machine_secrets_that_provide_a_low_or_variable_security_level.htm
ig_admin\machineauth\machine_secrets_that_provide_a_medium_security_level.htm
ig_admin\machineauth\overview_of_machine_authentication.htm
ig_admin\machineauth\using_machine_authentication.htm
ig_admin\machineauth\view_machine_secrets.htm
ig_admin\mobileenrollmentsection\mobile-enrollment-for-digital-ids.htm
ig_admin\org_mutualauth\configuring_mutual_authentication_policies.htm
ig_admin\org_mutualauth\determining_whether_a_user_has_mutual_authentication_secrets.htm
ig_admin\org_mutualauth\grid_serial_number_or_grid_location_display.htm
ig_admin\org_mutualauth\image_and_message_display.htm
ig_admin\org_mutualauth\mutual_authentication_overview.htm
ig_admin\org_mutualauth\org_mutualauth.htm
ig_admin\outofbandauth\administering_out-of-band_one-time_passwords.htm
ig_admin\outofbandauth\authentify_international_telephone_number_rules.htm
ig_admin\outofbandauth\changing_the_out-of-band_otp_expiry_date.htm
ig_admin\outofbandauth\configuring_an_email_delivery_mechanism_for_one-time_passwords.htm
ig_admin\outofbandauth\configuring_an_email_otp_service.htm
ig_admin\outofbandauth\configuring_an_smtp_or_smtps_server_for_email_otp_delivery.htm
ig_admin\outofbandauth\configuring_delivery_mechanisms_for_one-time_passwords.htm
ig_admin\outofbandauth\configuring_out-of-band_otp_delivery_in_sms_messages.htm
ig_admin\outofbandauth\configuring_out-of-band_otp_delivery_in_voice_messages.htm
ig_admin\outofbandauth\configuring_policies_for_out-of-band_one-time_password.htm
ig_admin\outofbandauth\configuring_self-service_module_for_use_with_sms_messaging.htm
ig_admin\outofbandauth\configuring_the_sms_delivery_mechanism.htm
ig_admin\outofbandauth\configuring_the_voice_message_service_for_oob_otp_delivery.htm
ig_admin\outofbandauth\creating_out-of-band_one-time_passwords_for_a_user.htm
ig_admin\outofbandauth\customize_the_javamail_out-of-band_otp_template.htm
ig_admin\outofbandauth\customize_the_sms_message_template.htm
ig_admin\outofbandauth\customizing_the_authentify_template.htm
ig_admin\outofbandauth\deleting_out-of-band_one-time_passwords.htm
ig_admin\outofbandauth\delivering_a_one-time_password_to_a_user.htm
ig_admin\outofbandauth\disabling_out-of-band_one-time_password_authentication.htm
ig_admin\outofbandauth\download_and_install_certificates_for_a_third-party_ssl_connection.htm
ig_admin\outofbandauth\downloading_and_installing_third-party_ssl_certificates.htm
ig_admin\outofbandauth\enabling_otp_authentication_for_individual_users.htm
ig_admin\outofbandauth\install_ssl_certificates_in_the_keystore.htm
ig_admin\outofbandauth\modifying_a_user_account_for_out-of-band_otp_use.htm
ig_admin\outofbandauth\out-of-band_one-time_password_overview.htm
ig_admin\outofbandauth\out-of-band_otp_authentication.htm
ig_admin\outofbandauth\out-of-band_otp_options.htm
ig_admin\outofbandauth\searching_for_users_with_an_out-of-band_one-time_password.htm
ig_admin\outofbandauth\security_considerations_for_using_multiple_otps.htm
ig_admin\outofbandauth\set_policies_for_out-of-band_otps.htm
ig_admin\outofbandauth\setting_otp_as_an_authentication_method.htm
ig_admin\outofbandauth\telesign_international_telephone_number_rules.htm
ig_admin\outofbandauth\tls_version_downgrade.htm
ig_admin\outofbandauth\use_a_proxy_server_with_the_telesign_sms_service_provider.htm
ig_admin\outofbandauth\worksheet_for_enabling_out-of-band_one-time_password.htm
ig_admin\passwordauth\autogenerated_passwords.htm
ig_admin\passwordauth\avoiding_embedded_user_information_in_passwords.htm
ig_admin\passwordauth\clear_password_history.htm
ig_admin\passwordauth\configure_password_policies.htm
ig_admin\passwordauth\configuring_password_authentication_policies.htm
ig_admin\passwordauth\creating_a_disallowed_password_list.htm
ig_admin\passwordauth\creating_and_administering_passwords.htm
ig_admin\passwordauth\delete_a_password.htm
ig_admin\passwordauth\find_and_view_passwords.htm
ig_admin\passwordauth\force_a_password_update.htm
ig_admin\passwordauth\have_users_set_their_own_passwords.htm
ig_admin\passwordauth\hide_a_password.htm
ig_admin\passwordauth\password_authentication_overview.htm
ig_admin\passwordauth\passwordauth.htm
ig_admin\passwordauth\providing_passwords_to_users.htm
ig_admin\passwordauth\send_passwords_to_users.htm
ig_admin\passwordauth\set_a_password_for_a_single_user.htm
ig_admin\passwordauth\set_password_authentication_policies.htm
ig_admin\passwordauth\set_passwords_in_bulk.htm
ig_admin\passwordauth\setting_disallowed_password_properties.htm
ig_admin\passwordauth\update_passwords.htm
ig_admin\passwordauth\using_named_passwords.htm
ig_admin\personvernumbersauth\configure_personal_verification_number_policies.htm
ig_admin\personvernumbersauth\create_a_pvn_for_a_single_user.htm
ig_admin\personvernumbersauth\creating_and_administering_personal_verification_numbers.htm
ig_admin\personvernumbersauth\delete_a_personal_verification_number.htm
ig_admin\personvernumbersauth\force_pvn_updates.htm
ig_admin\personvernumbersauth\have_a_user_set_up_a_pvn.htm
ig_admin\personvernumbersauth\manage_pvns_in_bulk.htm
ig_admin\personvernumbersauth\modify_personal_verification_numbers.htm
ig_admin\personvernumbersauth\personal_verification_number_overview.htm
ig_admin\personvernumbersauth\personal_verification_numbers.htm
ig_admin\personvernumbersauth\provide_pvns_to_users.htm
ig_admin\personvernumbersauth\pvns_and_cards.htm
ig_admin\personvernumbersauth\pvns_and_otps.htm
ig_admin\personvernumbersauth\pvns_and_soft_tokens.htm
ig_admin\personvernumbersauth\pvns_and_the_radius_proxy.htm
ig_admin\personvernumbersauth\pvns_and_tokens.htm
ig_admin\personvernumbersauth\search_for_users_by_personal_verification_number.htm
ig_admin\personvernumbersauth\updating_pvns.htm
ig_admin\riskbasedauth\about_certificate_authentication.htm
ig_admin\riskbasedauth\about_ip_geolocation.htm
ig_admin\riskbasedauth\about_machine_authentication.htm
ig_admin\riskbasedauth\about_normal_and_enhanced_levels.htm
ig_admin\riskbasedauth\add_external_risk_engine_certificates_to_the_key_store.htm
ig_admin\riskbasedauth\administering_ip_blacklists.htm
ig_admin\riskbasedauth\calculating_the_distance_between_locations.htm
ig_admin\riskbasedauth\configure_certificate_authentication_policies_for_rba.htm
ig_admin\riskbasedauth\configure_machine_authentication_policies_for_rba.htm
ig_admin\riskbasedauth\configure_policies_for_an_external_risk_engine.htm
ig_admin\riskbasedauth\configure_properties_for_an_external_risk_engine.htm
ig_admin\riskbasedauth\configure_your_application_to_deliver_risk_data_to_entrust_identityguard.htm
ig_admin\riskbasedauth\configuring_ip_geolocation_policies.htm
ig_admin\riskbasedauth\configuring_risk-based_authentication_policies.htm
ig_admin\riskbasedauth\configuring_security_risk_policies.htm
ig_admin\riskbasedauth\configuring_the_radius_proxy_for_risk-based_authentication.htm
ig_admin\riskbasedauth\converting_an_ip_address_to_a_location.htm
ig_admin\riskbasedauth\creating_normal_and_enhanced_rba_tests.htm
ig_admin\riskbasedauth\delete_pairings_with_user_devices.htm
ig_admin\riskbasedauth\example_rba_policy_commands.htm
ig_admin\riskbasedauth\how_adaptive_authentication_with_iovation_surescore_works.htm
ig_admin\riskbasedauth\ip_geolocation_authentication.htm
ig_admin\riskbasedauth\managing_the_ip_blacklist.htm
ig_admin\riskbasedauth\master_user_shell_commands_for_risk-based_authentication.htm
ig_admin\riskbasedauth\preliminary_checks_and_how_they_affect_subsequent_tests.htm
ig_admin\riskbasedauth\rba_case_study.htm
ig_admin\riskbasedauth\rba_expression_construction.htm
ig_admin\riskbasedauth\rba_policy_syntax.htm
ig_admin\riskbasedauth\rba_tests_and_subtests.htm
ig_admin\riskbasedauth\risk-based_authentication.htm
ig_admin\riskbasedauth\risk-based_authentication_overview.htm
ig_admin\riskbasedauth\searching_for_users_by_location_history.htm
ig_admin\riskbasedauth\setting_ip_geolocation_options_for_individual_users.htm
ig_admin\riskbasedauth\setting_normal_and_enhanced_rba_policies.htm
ig_admin\riskbasedauth\setting_rba_policies_in_the_master_user_shell.htm
ig_admin\riskbasedauth\setting_up_certificate_authentication.htm
ig_admin\riskbasedauth\setting_up_ip_geolocation_authentication.htm
ig_admin\riskbasedauth\the_add_and_remove_options.htm
ig_admin\riskbasedauth\updates_to_ip_geolocation_data_files.htm
ig_admin\riskbasedauth\using_external_risk_engine_data_for_rba_authentication.htm
ig_admin\riskbasedauth\using_ip_location_velocity.htm
ig_admin\riskbasedauth\using_location_lists.htm
ig_admin\riskbasedauth\using_risk-based_authentication_tests.htm
ig_admin\riskbasedauth\using_the_expected_ip_location_list.htm
ig_admin\riskbasedauth\using_the_location_history_list.htm
ig_admin\riskbasedauth\view_the_risk-based_authentication_poloicy.htm
ig_admin\scauth\push_challenges_to_mscs_from_the_admin_ui.htm
ig_admin\scauth\smart_credential_authentication.htm
ig_admin\softtokenauth\admin-assisted_automatic_creation_and_activation_of_msts.htm
ig_admin\softtokenauth\admin-assisted_creation_and_activation_of_mobile_soft_tokens.htm
ig_admin\softtokenauth\admin-assisted_manual_creation_and_activation_of_msts.htm
ig_admin\softtokenauth\administering_soft_tokens.htm
ig_admin\softtokenauth\configure_a_delivery_method_for_soft_token_activation_information.htm
ig_admin\softtokenauth\configure_soft_token_policies.htm
ig_admin\softtokenauth\configuring_soft_token_policies.htm
ig_admin\softtokenauth\configuring_the_soft_token_vendor.htm
ig_admin\softtokenauth\create_and_activate_a_soft_token_in_admin_ui.htm
ig_admin\softtokenauth\disable_pvns_on_soft_tokens.htm
ig_admin\softtokenauth\effects_of_mobile_soft_token_allow_unsecured_device_policy_on_users.htm
ig_admin\softtokenauth\enable_dynamic_linking_of_otps_and_transaction_details.htm
ig_admin\softtokenauth\enable_transaction_queuing.htm
ig_admin\softtokenauth\enable_use_of_soft_tokens_on_an_unsecure_mobile_device.htm
ig_admin\softtokenauth\push_challenges_to_msts_from_the_admin_ui.htm
ig_admin\softtokenauth\setting_soft_token_activation_policies_enabling_a_grace_period.htm
ig_admin\softtokenauth\setting_the_authentication_policy_for_soft_tokens.htm
ig_admin\softtokenauth\soft_token_creation_and_activation_overview.htm
ig_admin\softtokenauth\soft_token_download_overview.htm
ig_admin\softtokenauth\soft_token_overview.htm
ig_admin\softtokenauth\soft_token_states_overview.htm
ig_admin\softtokenauth\soft_token_transaction_verification_overview.htm
ig_admin\softtokenauth\softtokenauth.htm
ig_admin\softtokenauth\what_is_a_soft_token.htm
ig_admin\systemadminsection\system_administration.htm
ig_admin\temppinsauth\administering_temporary_pins.htm
ig_admin\temppinsauth\administering_temporary_pins_for_multiple_users_with_bulk.htm
ig_admin\temppinsauth\configuring_temporary_pin_policies.htm
ig_admin\temppinsauth\configuring_temporary_pins_overview.htm
ig_admin\temppinsauth\create_a_temporary_pin_for_a_user.htm
ig_admin\temppinsauth\delete_a_user_temporary_pin.htm
ig_admin\temppinsauth\differences_between_temporary_pins_oob_otps_and_pvns.htm
ig_admin\temppinsauth\modify_user_temporary_pin_information.htm
ig_admin\temppinsauth\searching_for_users_based_on_temporary_pins.htm
ig_admin\temppinsauth\temporary_pin_authentication_overview.htm
ig_admin\temppinsauth\temppinsauth.htm
ig_admin\tokenauth\activate_a_watchdataqro_token_using_self-service.htm
ig_admin\tokenauth\administering_assigned_tokens.htm
ig_admin\tokenauth\administering_unassigned_tokens.htm
ig_admin\tokenauth\assign_a_token_to_a_user.htm
ig_admin\tokenauth\assign_watchdataqro_tokens_to_users.htm
ig_admin\tokenauth\assigning_a_token_to_a_user_from_the_list_of_unassigned_tokens.htm
ig_admin\tokenauth\assigning_tokens_to_multiple_users_in_bulk.htm
ig_admin\tokenauth\authenticate_in_challenge_response_mode_-_entrust_pocket_token.htm
ig_admin\tokenauth\authenticate_in_response-only_mode_-_entrust_pocket_token.htm
ig_admin\tokenauth\authenticate_with_the_entrust_mini_token.htm
ig_admin\tokenauth\authenticate_with_your_c250_token.htm
ig_admin\tokenauth\authenticate_with_your_entrust_datacard_cr_token.htm
ig_admin\tokenauth\authenticating_a_user_with_a_token.htm
ig_admin\tokenauth\authentication_modes_with_entrust_pocket_tokens.htm
ig_admin\tokenauth\cancel_a_token.htm
ig_admin\tokenauth\change_authentication_mode_on_entrust_pocket_tokens.htm
ig_admin\tokenauth\change_the_pin_on_entrust_pocket_tokens.htm
ig_admin\tokenauth\change_the_pin_on_your_entrust_datacard_cr_token.htm
ig_admin\tokenauth\configure_and_admnister_watchdata_qro_tokens.htm
ig_admin\tokenauth\configure_self-administration_for_watchdataqro_tokens.htm
ig_admin\tokenauth\configure_token_policies.htm
ig_admin\tokenauth\configure_watchdataqro_token_self-registration.htm
ig_admin\tokenauth\configuring_entrust_identityguard_for_token_authentication.htm
ig_admin\tokenauth\configuring_the_drift_window_and_fixing_token_drift.htm
ig_admin\tokenauth\configuring_token_authentication_policies.htm
ig_admin\tokenauth\configuring_token_policies.htm
ig_admin\tokenauth\configuring_token_vendors.htm
ig_admin\tokenauth\correcting_token_drift_synchronizing_a_token.htm
ig_admin\tokenauth\create_groups_for_initialized_and_uninitialized_tokens.htm
ig_admin\tokenauth\create_or_rename_a_token_set.htm
ig_admin\tokenauth\delete_a_token.htm
ig_admin\tokenauth\deleting_unassigned_tokens.htm
ig_admin\tokenauth\deleting_user_challenges1.htm
ig_admin\tokenauth\edit_token_information.htm
ig_admin\tokenauth\enable_or_disable_the_pin_on_entrust_pocket_tokens.htm
ig_admin\tokenauth\ensuring_the_token_configuration_file_is_assigned.htm
ig_admin\tokenauth\entrust_datacard_otp_tokens.htm
ig_admin\tokenauth\entrust_mini_tokens.htm
ig_admin\tokenauth\entrust_pocket_tokens.htm
ig_admin\tokenauth\features_of_entrust_datacard_otp_tokens.htm
ig_admin\tokenauth\features_of_entrust_mini_tokens.htm
ig_admin\tokenauth\features_of_entrust_pocket_tokens.htm
ig_admin\tokenauth\find_assigned_token_information.htm
ig_admin\tokenauth\finding_and_deleting_corrupt_tokens.htm
ig_admin\tokenauth\finding_unassigned_token_information.htm
ig_admin\tokenauth\forcing_token_activation.htm
ig_admin\tokenauth\functionality_of_entrust_pocket_tokens.htm
ig_admin\tokenauth\getting_the_reason_for_token_response_failure.htm
ig_admin\tokenauth\hardware_token_support.htm
ig_admin\tokenauth\initialize_a_watchdata_qro_token.htm
ig_admin\tokenauth\load_the_watchdataqro_token_data.htm
ig_admin\tokenauth\loading_the_token_data_file.htm
ig_admin\tokenauth\manage_a_token_that_a_user_reports_lost_or_stolen.htm
ig_admin\tokenauth\master_user_shell_commands_for_token_authentication.htm
ig_admin\tokenauth\menu_options_of_entrust_pocket_tokens.htm
ig_admin\tokenauth\messages_of_entrust_pocket_tokens.htm
ig_admin\tokenauth\modifying_unassigned_tokens.htm
ig_admin\tokenauth\operation_of_the_entrust_at_mini_token.htm
ig_admin\tokenauth\overview_of_token_authentication.htm
ig_admin\tokenauth\pin_protection_mechanisms.htm
ig_admin\tokenauth\re-adding_tokens_after_an_accidental_deletion.htm
ig_admin\tokenauth\reinitialize_a_soft_token_after_an_accidental_deletion.htm
ig_admin\tokenauth\set_policies_for_watchdataqro_tokens.htm
ig_admin\tokenauth\set_the_pin_on_your_entrust_datacard_cr_token.htm
ig_admin\tokenauth\sign_a_transaction_with_your_entrust_datacard_cr_token.htm
ig_admin\tokenauth\specifications_of_entrust_datacard_otp_tokens.htm
ig_admin\tokenauth\specifications_of_entrust_mini_tokens.htm
ig_admin\tokenauth\specifications_of_entrust_pockettokens.htm
ig_admin\tokenauth\storing_unassigned_token_information.htm
ig_admin\tokenauth\synchronization_issues.htm
ig_admin\tokenauth\to_configure_the_size_of_the_drift_that_is_accommodated_automatically.htm
ig_admin\tokenauth\to_fix_large_drift_by_increasing_the_size_of_the_event_or_clock_window.htm
ig_admin\tokenauth\to_fix_minor_drift_by_synchronizing_the_token.htm
ig_admin\tokenauth\token_authentication.htm
ig_admin\tokenauth\token_set_overview_using_multiple_tokens.htm
ig_admin\tokenauth\token_state_overview.htm
ig_admin\tokenauth\unassign_an_assigned_token.htm
ig_admin\tokenauth\understanding_the_entrust_datacard_otp_tokens.htm
ig_admin\tokenauth\understanding_the_entrust_ot_and_at_mini_tokens.htm
ig_admin\tokenauth\unlock_a_pin-protected_token.htm
ig_admin\tokenauth\unlock_a_watchdataqro_token.htm
ig_admin\tokenauth\unlock_a_watchdataqro_token_using_self-service.htm
ig_admin\tokenauth\unlock_your_entrust_datacard_cr_token.htm
ig_admin\tokenauth\use_an_entrust_pocket_token_for_the_first_time.htm
ig_admin\tokenauth\user_procedure_for_entrust_pocket_tokens.htm
ig_admin\tokenauth\user_procedures_for_entrust_datacard_otp_tokens.htm
ig_admin\tokenauth\user_procedures_for_entrust_minitokens.htm
ig_admin\tokenauth\using_a_token.htm
ig_admin\tokenauth\using_pins_wiith_entrust_pocket_tokens.htm
ig_admin\tokenauth\view_the_clock_value_of_an_entrust_pockettoken.htm
ig_admin\tokenauth\view_the_event_counter_of_an_entrust_mini_token.htm
ig_admin\tokenauth\view_the_event_counter_of_an_entrust_pocket_token.htm
ig_admin\tokenauth\view_the_serial_number_of_an_entrust_mini_token.htm
ig_admin\tokenauth\view_the_serial_number_of_an_entrust_pocket_token.htm
ig_admin\tokenauth\watchdataqro_tokens.htm
ig_admin\transaction_auth\configure_transaction_policies.htm
ig_admin\transaction_auth\transaction_authentication.htm
ig_admin\transaction_auth\transaction_authentication_overview.htm
ig_admin\transaction_auth\transaction_certificates.htm
ig_admin\transaction_auth\transaction_receipts.htm
ig_admin\transaction_auth\transaction_receipts_and_certificates.htm
ig_admin\transaction_auth\using_transaction_details_with_out-of-band_oob_authentication.htm
ig_admin\useradminsection\add_databases_for_ldap_synchronization.htm
ig_admin\useradminsection\administering_contact_information.htm
ig_admin\useradminsection\administering_contact_information_for_multiple_users_with_bulk.htm
ig_admin\useradminsection\administering_shared_secrets.htm
ig_admin\useradminsection\administering_users.htm
ig_admin\useradminsection\configure_synchronization_with_an_ldap_directory.htm
ig_admin\useradminsection\configure_the_ldap_repository_for_entrust_identityguard_user.htm
ig_admin\useradminsection\configuring_access_to_user_secrets.htm
ig_admin\useradminsection\configuring_authentication_types.htm
ig_admin\useradminsection\configuring_lockout_policies.htm
ig_admin\useradminsection\configuring_repository_data_policies.htm
ig_admin\useradminsection\configuring_shared_secret_policies.htm
ig_admin\useradminsection\configuring_user_access_groups.htm
ig_admin\useradminsection\configuring_user_data_policies.htm
ig_admin\useradminsection\configuring_user_policies.htm
ig_admin\useradminsection\create_a_user_synchronization_custom_static_filter.htm
ig_admin\useradminsection\create_user_accounts_in_a_db_synced_with_ldap_repository.htm
ig_admin\useradminsection\create_users_by_adding_identityguard_data_to_your_ldap_repository.htm
ig_admin\useradminsection\create_users_individually.htm
ig_admin\useradminsection\create_users_through_a_bulk_operation.htm
ig_admin\useradminsection\create_users_through_ldap_sync_with_a_database.htm
ig_admin\useradminsection\create_users_using_entrust_identityguard_user_enrollment.htm
ig_admin\useradminsection\creating_a_shared_secret.htm
ig_admin\useradminsection\creating_a_user_enrollment_custom_static_filter.htm
ig_admin\useradminsection\creating_contact_information_for_a_user.htm
ig_admin\useradminsection\creating_user_accounts.htm
ig_admin\useradminsection\delete_user_contact_information.htm
ig_admin\useradminsection\deleting_shared_secrets.htm
ig_admin\useradminsection\deleting_users.htm
ig_admin\useradminsection\display_information_about_user_authenticators.htm
ig_admin\useradminsection\ex_1_simple_hierarchy_with_searchbase_at_a_high-level.htm
ig_admin\useradminsection\ex_2_more_complex_hierarchy_one_searchbase_for_whole_dit.htm
ig_admin\useradminsection\ex_3_more_complex_hierarchy_with_multiple_searchbases.htm
ig_admin\useradminsection\ex_4_low-level_nodes_selected_as_searchbases.htm
ig_admin\useradminsection\find_users_by_biometric.htm
ig_admin\useradminsection\find_users_by_certificate.htm
ig_admin\useradminsection\find_users_by_contact_information.htm
ig_admin\useradminsection\find_users_by_digital_id.htm
ig_admin\useradminsection\find_users_by_forced_card_or_token_activation.htm
ig_admin\useradminsection\find_users_by_grid_card.htm
ig_admin\useradminsection\find_users_by_ip_geolocation_history.htm
ig_admin\useradminsection\find_users_by_knowledge-based_authentication.htm
ig_admin\useradminsection\find_users_by_last_authentication.htm
ig_admin\useradminsection\find_users_by_machine_authentication.htm
ig_admin\useradminsection\find_users_by_one-time_password_authentication.htm
ig_admin\useradminsection\find_users_by_password_authentication.htm
ig_admin\useradminsection\find_users_by_personal_verification_number.htm
ig_admin\useradminsection\find_users_by_smart_credential.htm
ig_admin\useradminsection\find_users_by_temporary_pin_authentication.htm
ig_admin\useradminsection\find_users_by_token.htm
ig_admin\useradminsection\find_users_orphaned_after_synchronization_with_active_directory.htm
ig_admin\useradminsection\finding_users.htm
ig_admin\useradminsection\how_ldap_directory_synchronization_works.htm
ig_admin\useradminsection\limitations_of_the_ldap_directory_syncrhonization_feature.htm
ig_admin\useradminsection\manage_orphaned_user_accounts.htm
ig_admin\useradminsection\managing_multiple_users_with_bulk_operations.htm
ig_admin\useradminsection\managing_users.htm
ig_admin\useradminsection\manually_sync_identityguard_user_accounts_with_an_ldap_directory.htm
ig_admin\useradminsection\modify_user_contact_information.htm
ig_admin\useradminsection\modifying_shared_secrets.htm
ig_admin\useradminsection\modifying_user_information.htm
ig_admin\useradminsection\moving_users_from_one_partition_to_another.htm
ig_admin\useradminsection\override_access_group_settings_for_individual_users.htm
ig_admin\useradminsection\overview_of_ldap_synchronization_configuration.htm
ig_admin\useradminsection\plan_ldap_users_to_enroll_and_methods_to_find_them.htm
ig_admin\useradminsection\prerequisites_for_ldap_directory_synchronization.htm
ig_admin\useradminsection\search_for_information_about_a_specific_user.htm
ig_admin\useradminsection\searching_for_user_information.htm
ig_admin\useradminsection\set_the_user_data_policy_to_allow_multiple_groups_for_users.htm
ig_admin\useradminsection\suspend_or_activate_users.htm
ig_admin\useradminsection\unlocking_accounts.htm
ig_admin\useradminsection\unsynchronize_entrust_identityguard_user_accounts.htm
ig_admin\useradminsection\user_admnistration.htm
ig_admin\useradminsection\user_name_consistency_between_entrust_identityguard_and_an_ldap.htm
ig_admin\useradminsection\user_overview.htm
ig_admin\useradminsection\using_aliases.htm
ig_admin\useradminsection\view_user_contact_information_and_contact_the_user.htm
ig_admin\usingadmininterface\administration_interface_overview.htm
ig_admin\usingadmininterface\administrative_users_and_roles.htm
ig_admin\usingadmininterface\external_authentication_to_the_administration_interface.htm
ig_admin\usingadmininterface\locating_your_administration_interface_url.htm
ig_admin\usingadmininterface\log_in_and_out_of_the_administration_interface.htm
ig_admin\usingadmininterface\logging_out_of_the_administration_interface.htm
ig_admin\usingadmininterface\moving_items_between_option_lists.htm
ig_admin\usingadmininterface\navigate_in_the_administration_interface.htm
ig_admin\usingadmininterface\password_login_to_the_administration_interface.htm
ig_admin\usingadmininterface\saml_login_to_the_administration_interface.htm
ig_admin\usingadmininterface\select_options.htm
ig_admin\usingadmininterface\set_your_browser_to_trust_the_entrust_identityguard.htm
ig_admin\usingadmininterface\setting_option_precedence.htm
ig_admin\usingadmininterface\smart_credential_login_to_the_administration_interface.htm
ig_admin\usingadmininterface\using_the_administration_interface.htm
ig_admin\usingadmininterface\using_the_master_user_shell.htm
ig_admin\usingadmininterface\working_in_the_administration_interface.htm
ig_admin\usingpropeditor\anonymous_security_challenge_check.htm
ig_admin\usingpropeditor\audit_email_delivery_settings.htm
ig_admin\usingpropeditor\audit_logging_appenders.htm
ig_admin\usingpropeditor\audits_to_database_configuration.htm
ig_admin\usingpropeditor\authentication_audit_and_error_settings.htm
ig_admin\usingpropeditor\biometric_vendor_configuration.htm
ig_admin\usingpropeditor\card_export_settings.htm
ig_admin\usingpropeditor\certificate_audit_settings.htm
ig_admin\usingpropeditor\challenge_cache_settings.htm
ig_admin\usingpropeditor\configuring_the_sms_gateway_url_for_a_sms_provider_other_than.htm
ig_admin\usingpropeditor\content_security_policy_directives.htm
ig_admin\usingpropeditor\cryptography_settings.htm
ig_admin\usingpropeditor\derived_credential_authentication_certificate_recheck.htm
ig_admin\usingpropeditor\disallowed_password_settings.htm
ig_admin\usingpropeditor\egrid_configuration.htm
ig_admin\usingpropeditor\external_first-factor_authentication.htm
ig_admin\usingpropeditor\external_q_a_provider_configuration.htm
ig_admin\usingpropeditor\general_logging_configuration.htm
ig_admin\usingpropeditor\general_reporting_configuration.htm
ig_admin\usingpropeditor\http_strict_transport_security.htm
ig_admin\usingpropeditor\ip_location_library_settings.htm
ig_admin\usingpropeditor\jdbc_database_settings.htm
ig_admin\usingpropeditor\key_store_certificate_import_settings.htm
ig_admin\usingpropeditor\knowledge-based_authentication_settings.htm
ig_admin\usingpropeditor\ldap_contact_info_mapping_settings.htm
ig_admin\usingpropeditor\ldap_directory_server_settings.htm
ig_admin\usingpropeditor\ldap_sync_container_mapping_settings.htm
ig_admin\usingpropeditor\license_audit_settings.htm
ig_admin\usingpropeditor\log_in_or_out_of_the_properties_editor.htm
ig_admin\usingpropeditor\managed_ca_configuration.htm
ig_admin\usingpropeditor\out-of-band_otp_email_delivery_configuration.htm
ig_admin\usingpropeditor\out-of-band_otp_sms_delivery_configuration.htm
ig_admin\usingpropeditor\out-of-band_otp_voice_delivery_configuration.htm
ig_admin\usingpropeditor\performance_statistics_logging_settings.htm
ig_admin\usingpropeditor\properties_editor_features.htm
ig_admin\usingpropeditor\properties_editor_overview.htm
ig_admin\usingpropeditor\properties_quick_reference.htm
ig_admin\usingpropeditor\push_authentication_for_smart_credential_and_soft_token.htm
ig_admin\usingpropeditor\radius_proxy_configuration.htm
ig_admin\usingpropeditor\radius_response_attribute_configuration.htm
ig_admin\usingpropeditor\radius_server_configuration.htm
ig_admin\usingpropeditor\report_definitions.htm
ig_admin\usingpropeditor\repository_settings.htm
ig_admin\usingpropeditor\risk_engine_configuration.htm
ig_admin\usingpropeditor\roaming_server_configuration.htm
ig_admin\usingpropeditor\saml_idp_configuration.htm
ig_admin\usingpropeditor\saml_sp_keys_settings.htm
ig_admin\usingpropeditor\saml_sp_keystore_settings.htm
ig_admin\usingpropeditor\service_settings.htm
ig_admin\usingpropeditor\smart_credential_expiry_notification_additional_recipients.htm
ig_admin\usingpropeditor\smart_credential_expiry_notification_settings.htm
ig_admin\usingpropeditor\sms_server_configuration.htm
ig_admin\usingpropeditor\smtp_server_configuration.htm
ig_admin\usingpropeditor\snmp_settings.htm
ig_admin\usingpropeditor\system_logging_appenders.htm
ig_admin\usingpropeditor\token_vendor_configuration.htm
ig_admin\usingpropeditor\transaction_component_and_callback_settings.htm
ig_admin\usingpropeditor\unrecognized_and_custom_properties.htm
ig_admin\usingpropeditor\user_email_delivery_configuration.htm
ig_admin\usingpropeditor\user_sms_delivery_configuration.htm
ig_admin\usingpropeditor\using_the-properties_editor.htm
ig_admin\usingpropeditor\vpn_server_configuration.htm
ig_admin\usingpropeditor\web_application_settings.htm
ig_admin\usingpropeditor\ws-security_audit_settings.htm
igreferencesection\intellitrust_migration_audit_messages.htm
igreferencesection\risk_engine_audit_messages.htm
migration\migration_to_entrust_datacard_intellitrust.htm
migration\migration_to_the_virtual_appliance_solution.htm
reference.htm
appliance.htt
btnhideall.gif
btnshowall.gif
entrust.htt
ig_admin\worksheets\worksheet-biometric-auth.docx
toggle.js
worksheet-biometric-auth.docx
index.glo
entrust.css
telesign_05.png
telesign_04.png
ai-tokens-unlock_a_users_token.png
ig_admin\tokenauth\ai-token-load_displaycard.jpg
ig_admin\tokenauth\pe-token_vendor_displaycard.jpg
watchdataqro_move_to_init_group.png
ig_admin\tokenauth\ai-token-list-unassigned.jpg
ig_admin\config_logging\pe-sys-logging.jpg
help_collapsed_text.png
ai_policy_repositorydata.png
ig_admin\useradminsection\ai-user_account-find_accounts_-_certificatefull.jpg
ig_admin\useradminsection\ai-user_account-find_accounts-search_results00410.jpg
ai-policies_mach_secret_devfgrprtattr_grid.png
ig_admin\machineauth\ai-policies-edit_policy-auth_types_machine.jpg
failover_repository_local.png
ig_admin\outofbandauth\pe-oob-email.png
ig_admin\outofbandauth\ai-user_account-otp_deliver.jpg
telesign_03.png
telesign_02.png
telesign_01.png
ai_system_licence_updated.png
import_trusted_certificate_idg.png
ig_admin\enablingme\ig_webmin_managedcawithdigidconfig_ms.jpg
ig_admin\enablingme\sma_createprofile_xap.jpg
ig_admin\enablingme\ig_webmin_choosedigidtempl.jpg
ig_admin\config_roles\config_roles00186.jpg
ig_admin\certauth\ai-policies-edit_policy-auth_types_normal_only.jpg
ig_admin\certauth\ai-certificates-list_certificates2.jpg
ig_admin\certauth\ai-certificates-list_certificates.jpg
ig_admin\temppinsauth\temppinsauth00856.jpg
ig_admin\certauth\ai-policies-view_policy_cert_auth_type.jpg
telesign_05_again.png
telesign_03_again.png
telesign_certpath_tab_again.png
ai_create_egrid_4.png
ai_create_egrid_3.png
ai_create_egrid_2.png
ai_create_egrid_1.png
tokens_entrust_mini_token_illustration.jpg
ai-token-edit-unassigned.png
tokens_entrust_mini_token.jpg
tokens_pocket_token_sync_1var_time.png
edc_otp_token.png
ig_admin\tokenauth\ai-token-details00616.jpg
pe-useremaildelconfig_detail.png
ig_admin\usingpropeditor\pe-kb-auth.jpg
ig_admin\config_logging\ai-audits-find_audits.jpg
auditmon_open_popup.png
ig_admin\config_reporting\ai-reports-unassigned_sc_search_criteria.jpg
ig_admin\config_reporting\ai-reports-new_user_search_criteria.jpg
ig_admin\config_reporting\ai-reports-personal_queries.jpg
ig_admin\tokenauth\ai-policies-edit_policy-auth_types_normal_and_enhanced.jpg
ai_policy_pvn.png
ig_admin\useradminsection\ai-policies-view_policy_authentication_types.jpg
ig_admin\useradminsection\ai-user_account-unlock-multi-resetall.jpg
ai-users-deleted_user_acct_after_sync.png
ai-sync_info_in_ad_user_account_anno.png
ig_admin\passwordauth\ai-password-settings.jpg
ig_admin\outofbandauth\pe-oob-authentify.jpg
ie-browserwarning.jpg
ig_admin\enablingme\servermanager_caicon00902.jpg
ig_admin\enablingme\ssm_app_selfadmin_digidlinks00986.jpg
ig_admin\enablingme\ssm_app_selfadmin_digidlinks00977.jpg
ig_admin\enablingme\servermanager_caicon00889.jpg
ig_admin\enablingme\ssm_app_selfadmin_digidlinks.jpg
ig_admin\enablingme\ig_webmin_createpass.jpg
ig_admin\enablingme\sma_certspec_importsuccess.jpg
ig_admin\softtokenauth\ai-user_account-soft_token_create_qrcode.jpg
ig_admin\config_radius_server\pe-radius-server-groups.jpg
ig_admin\config_radius_server\pe-radius-server-grpmap.jpg
ig_admin\certauth\ai-certificates-edit_user_cert.jpg
ig_admin\riskbasedauth\ai-policies-rba-test1-allpasses.jpg
ig_admin\temppinsauth\temppinsauth00871.jpg
ig_admin\temppinsauth\temppinsauth00841.jpg
01_servermgr_adcs__certauth.png
telesign_certinfo_digicert.png
ig_admin\tokenauth\ai-token-assign-a-token-to-a-user.jpg
tokens_pocket_token_sync_2vars_eventtime.png
ig_admin\config_reporting\ai-reports-list_reports.jpg
ig_admin\config_reporting\ai-reports-user_search_criteria.jpg
ig_admin\config_reporting\ai-reports-card_search_criteria.jpg
icn_expand_text_in_help.png
ig_admin\useradminsection\ai-policies-edit_policy-user_data.jpg
ig_admin\useradminsection\ai-policies-view_policy_user_data.jpg
ig_admin\useradminsection\ai-user_account-view_account-fullname_mapped.jpg
ig_admin\knowledgebasedauth\ai-policies-edit_policy-auth_types.jpg
ig_admin\config_igserver\pe-repository.jpg
ig_server_loadbalanced.png
generate_csr_popup.png
idg_trashcan.png
ig_admin\enablingme\ig_webmin_createuser_mobileenroll.jpg
ig_admin\enablingme\ssm_config_props_digiddevicetype.jpg
ssm_config_props_digids.png
ig_admin\config_roles\ai-roles-find-perms.jpg
ig_admin\softtokenauth\soft-token-authentication-pc.jpg
ig_admin\softtokenauth\soft-token-authentication.jpg
ig_admin\config_radius_server\pe-vpn-server-grpmap2.jpg
ig_admin\config_radius_server\pe-vpn-server-grpmap.jpg
ig_admin\org_mutualauth\org_mutualauth00693.jpg
ig_admin\org_mutualauth\org_mutualauth00690.jpg
ig_admin\org_mutualauth\org_mutualauth00699.jpg
ig_admin\org_mutualauth\org_mutualauth00696.jpg
ig_admin\org_mutualauth\org_mutualauth00688.jpg
ig_admin\org_mutualauth\org_mutualauth00686.jpg
ig_admin\temppinsauth\temppinsauth00850.jpg
ai-user_account-unlock_details_autounlocks.png
ssm_unlock_code_for_c300.png
ai-policies_token_movehwtokenstousergroup.png
watchdataqro_on_button.png
ig_admin\bulkops\bulkops00230.jpg
ig_admin\bulkops\bulkops00227.jpg
ig_admin\bulkops\bulkops00224.jpg
ig_admin\bulkops\bulkops00242.jpg
ig_admin\bulkops\bulkops00239.jpg
ig_admin\bulkops\bulkops00236.jpg
btn_print.png
ig_admin\useradminsection\users00309.jpg
ig_admin\useradminsection\users00306.jpg
win_file_extensions_1.png
ig_admin\config_logging\pe-audit-logging.jpg
ig_admin\config_logging\ai-audits-find_audits-search_results.jpg
ig_admin\config_reporting\ai-reports-pdf_report.jpg
ai-home.png
ig_admin\config_adminsso\cert_dialog_for_sc_auth_to_adminui.png
ig_admin\useradminsection\users00287.jpg
ig_admin\useradminsection\users00284.jpg
ig_admin\useradminsection\users00431.jpg
ig_admin\useradminsection\users00323.jpg
ig_admin\useradminsection\users00434.jpg
ig_admin\useradminsection\users00425.jpg
ig_admin\useradminsection\users00338.jpg
ig_admin\useradminsection\users00254.jpg
ig_admin\useradminsection\users00303.jpg
ig_admin\useradminsection\users00335.jpg
ig_admin\useradminsection\ai-user_account-edit_account-contact_info_empty.jpg
ig_admin\useradminsection\users00428.jpg
ig_admin\useradminsection\users00387.jpg
ig_admin\useradminsection\users00378.jpg
ig_admin\useradminsection\users00395.jpg
ig_admin\useradminsection\users00392.jpg
ig_admin\useradminsection\users00320.jpg
ig_admin\useradminsection\users00369.jpg
ig_admin\useradminsection\ai-user_account-edit_account-contact_info_two.jpg
ig_admin\useradminsection\users00267.jpg
ig_admin\useradminsection\users00264.jpg
ig_admin\useradminsection\users00261.jpg
ig_admin\useradminsection\users00326.jpg
ig_admin\useradminsection\users00413.jpg
ig_admin\useradminsection\users00407.jpg
ig_admin\useradminsection\users00404.jpg
ig_admin\useradminsection\users00401.jpg
ig_admin\useradminsection\users00329.jpg
ig_admin\useradminsection\users00332.jpg
ig_admin\passwordauth\pe-dis-password.jpg
ig_admin\externalauth\pe-ext-auth-ldap.jpg
ig_admin\externalauth\pe-ext-auth-domc.jpg
ig_admin\enablingme\ig_webmin_listcas_ms.jpg
ig_admin\enablingme\ig_webmin_choosedigidtempl_ms.jpg
ig_admin\enablingme\sma_refnumauthcode_xap.jpg
ig_admin\enablingme\sma_refnumauthcode_scep.jpg
ig_admin\enablingme\ssm_config_adminsvcsettings.jpg
ig_admin\certauth\ai-certificates-find_user_certs00471.jpg
ig_admin\riskbasedauth\ai-system-ip-add2.jpg
ig_admin\riskbasedauth\ai-system-ip-add.jpg
ig_admin\temppinsauth\temppinsauth00853.jpg
msca_pivpivcert_subjectname_warning.png
ai-audits-find_audits-advanced.jpg
watchdata_ss_token_unlock_qrcode.png
btn_backforward.png
ai-bulk_operation_tab.png
ig_admin\config_radius_proxy\radius-arch-passwordnull00065.jpg
ig_admin\config_radius_proxy\radius-arch-rs.jpg
ig_admin\config_radius_proxy\radius-arch-ex.jpg
ig_admin\config_reporting\ai-reports-report_details.jpg
ig_admin\config_reporting\ai-reports-unassignedtoken_search_criteria.jpg
ig_admin\config_reporting\ai-reports-certificate_search_criteria.jpg
ig_admin\biometricauth\biometric_auth_prompt_cropped.png
pe_jdbc_database_settings_top.png
ig_admin\config_igserver\ai-user_account-edit_account-contact_info_two_mapped.jpg
ig_admin\passwordauth\ai-password-create.jpg
ig_admin\outofbandauth\ai-user_account-otp_deliver_confirm.jpg
ig_admin\externalauth\ai-policies-edit_policy-auth_types.jpg
ig_admin\enablingme\ig_webmin_listcas00909.jpg
ai-tokens_auth-soft-token-for-user.png
ig_admin\certauth\ai-policies-edit_policy-auth_types_normal_only-nocert.jpg
ig_admin\temppinsauth\temppinsauth00832.jpg
ig_admin\temppinsauth\temppinsauth00862.jpg
ig_admin\tokenauth\ai-tokens-unlock_code.jpg
ig_admin\tokenauth\ai-user_account-token-cancel.jpg
ig_admin\tokenauth\ai-token-assign-serialnum.jpg
ssm-self-reg_watchdataqro_token400800368.png
clip_image004.jpg
clip_image002.jpg
ai-audits-find_audits2.png
ig_admin\config_reporting\ai-reports-sc_search_criteria.jpg
ig_admin\config_reporting\ai-reports-biometric_search_criteria.jpg
ig_admin\usingadmininterface\ai-firefox-security-cert-warning.jpg
ig_admin\config_adminsso\ai-sc_login.jpg
ai-users_create_selected_accounts_in_ldap_pane.png
ai-users_create_multiple_accounts_in_ldap_rep_option.png
ai-users_create_multiple_accounts_in_db_option.png
ig_admin\config_admins\ai-policies-edit_policy-admin.jpg
ig_admin\passwordauth\ai-password-clear00723.jpg
ig_admin\passwordauth\ai-password-named.jpg
ig_admin\enablingme\ig_webmin_createmanagedca_ms.jpg
ig_admin\enablingme\ig_webmin_listcas_ms00918.jpg
ig_admin\enablingme\sma_createprofile_scep.jpg
ig_admin\config_roles\ai-roles-edit-grant-definitions.jpg
ig_admin\config_roles\ai-roles-edit-grant-print_modules.jpg
ig_admin\softtokenauth\mobile_otp_app_download_page.jpg
ig_admin\certauth\ai-certificates-list_ca_certs.jpg
ig_admin\certauth\ai-user_account-go_to_account.jpg
ig_admin\riskbasedauth\riskbasedauth00798.jpg
pe-usersmsdelconfig_detail.png
win_file_extensions_2.png
ig_admin\config_logging\ai-audits-find_audits3.jpg
ig_admin\biometricauth\ai-policies-edit_policy-auth_types-includebiometric.jpg
ai_edit_policy_info_adminpolicy_anno.png
ig_admin\config_adminsso\ai-policies-edit_policy-admin.jpg
ai-user_account-find_accounts-scfull.png
ig_admin\useradminsection\ai-user_account-view_account-fullname_mapped00418.jpg
ig_admin\useradminsection\ai-user_account-unlock.jpg
ai-machine_secrets.png
ig_admin\config_igserver\ai-user_account-view_account-fullname_mapped.jpg
ig_admin\passwordauth\ai-password-force.jpg
ig_admin\passwordauth\ai-password-clear.jpg
ai-key_store_mgmt_expand_icon.png
cn_keystore_management_value.png
ig_admin\enablingme\ssm_app_downloaddigid.jpg
ig_admin\enablingme\ssm_app_pleaseconfirm.jpg
ig_admin\enablingme\enablingme00932.jpg
ig_admin\enablingme\enablingme00929.jpg
ig_admin\enablingme\question00974.jpg
ig_admin\enablingme\ig_webmin_policy_digid00962.jpg
ig_admin\enablingme\ig_webmin_rolesmanagedca.jpg
ig_admin\enablingme\question00969.jpg
ig_admin\enablingme\enablingme00937.jpg
ig_admin\config_roles\config_roles00189.jpg
ig_admin\config_roles\ai-roles-edit.jpg
ig_admin\certauth\ai-user_account-view_account-auth_types_list.jpg
ig_admin\certauth\ai-certificates-export_ca_cert.jpg
ig_admin\riskbasedauth\ai-policies-view_policy_rba_defaults.jpg
02_certsrv_certtemp_manage.png
tokens_entrust_pocket_token.jpg
ig_admin\config_radius_proxy\radius-arch-passwordnull.jpg
ig_admin\config_logging\config_logging00082.jpg
ig_admin\config_logging\config_logging00079.jpg
ig_admin\knowledgebasedauth\ai-user_account-view_account-qa-with-answers.jpg
ig_admin\config_igserver\ai-user_account-view_account-fullname_mapped00023.jpg
ig_admin\enablingme\ig_webmin_policy_digid.jpg
ig_admin\enablingme\sma_newuser_xap.jpg
ig_admin\enablingme\question.jpg
ig_admin\softtokenauth\ai-user_account-soft_token_regcode1.jpg
ig_admin\softtokenauth\ai-user_account-soft_token_activate.jpg
ig_admin\config_radius_server\pe-radius-server.jpg
ig_admin\config_groups\config_groups00181.jpg
ig_admin\config_groups\config_groups00178.jpg
ig_admin\certauth\ai-user_account-edit_account-cert_export.jpg
ig_admin\certauth\ai-user_account-view_account-cert00484.jpg
ig_admin\certauth\ai-certificates-edit_ca_cert2.jpg
ig_admin\certauth\ai-user_account-view_account-assign_cert.jpg
ig_admin\certauth\ai-certificates-edit_ca_cert.jpg
ig_admin\certauth\ai-user_account-view_account-cert00489.jpg
ig_admin\certauth\ai-certificates-find_users_by_certs.jpg
ig_admin\riskbasedauth\ai-system-ip-add200824.jpg
ai-policies-edit_policy_rba-_edit_normal_reject.png
ig_admin\config_radius_proxy\services_dialog.png
03_user_duplicatetemp.png
ig_admin\tokenauth\ai-tokens-loaded_displaycard.jpg
watchdataqro_scanqr.jpg
display_otp_challenge_code.png
c300_btn_power.png
edc_cr_token.png
ig_admin\config_radius_proxy\pe-radius-proxy.jpg
ai-scdef-alloweddelmeths.png
ig_admin\usingpropeditor\pe-login2.jpg
ig_admin\config_reporting\ai-reports-save_as_personal_query.jpg
ig_admin\config_reporting\ai-reports_-_token_search_criteria.jpg
multiplelowlevelsearchbases_final.png
ai-create_multiple_new_user_accounts_in_ig_ldap_rep_option.png
ai-user_account_find_accounts-tokenfull.png
ai-find_users-_sync_orphaned.png
simplesearchbase.png
ai-policies_mach_secret_devfgrprtattr_list.png
ig_admin\config_igserver\pe-repository-failover.jpg
failover_repository_geog.png
ig_admin\config_igserver\pe-ldap-dir.jpg
failover_radius_proxy.png
ig_admin\passwordauth\ai-password-force00718.jpg
ig_admin\outofbandauth\ai-user_account-find_accounts_-_otp.jpg
key_store_dropdown.png
ig_admin\enablingme\ig_webmin_createmanagedca.jpg
ig_admin\enablingme\ssm_config_genselfadminops.jpg
ig_admin\softtokenauth\ai-user_account-soft_token_create_qrcode_deliver.jpg
icn_mobile_apps_invalid_identity.png
ig_admin\softtokenauth\ai-user_account-soft_token_created.jpg
ai-certificates-revocation_settings.png
dualusage_01.png
watchdataqro_token_details_initialize.png
ig_admin\tokenauth\tokenauth00609.jpg
ig_admin\tokenauth\tokenauth00629.jpg
ig_admin\tokenauth\tokenauth00626.jpg
tokens_pocket_token_sync_1var_event.png
ig_admin\tokenauth\ai-token-assign_by_user.jpg
watchdataqro_assign_confirmed.png
ig_admin\about_this_book\breadcrumb_link.png
auditmon_expand.png
auditmon_suspend.png
ig_admin\config_reporting\ai-reports-list_reports00156.jpg
ig_admin\biometricauth\pe-biometric_vendors2.jpg
ig_admin\useradminsection\ai-user_account-find_accounts_-_sc.jpg
ig_admin\useradminsection\ai-user_account-find_accounts_-_token.jpg
ig_admin\useradminsection\ai-user_account-unlock_details.jpg
ig_admin\useradminsection\ai-user_account-find_accounts_-_ce.jpg
ig_admin\useradminsection\ai-user_account-find_accounts_-_card.jpg
ig_admin\useradminsection\ai-user_account-find_accounts_-_digid.jpg
ig_admin\knowledgebasedauth\pe_externalq_a_provider_config.jpg
ig_admin\config_admins\config_admins00206.jpg
ig_admin\outofbandauth\ai-policies-edit_policy-auth_types_normal_and_enhanced.jpg
ig_admin\outofbandauth\pe-smtp_email_server.jpg
ai-key_store_mgmt_list.png
ig_admin\enablingme\ig_webmin_digidconfig_network_ms.jpg
ig_admin\enablingme\ig_webmin_accountinfo_mobileenroll.jpg
ig_admin\enablingme\ig_webmin_digidconfig_network.jpg
ig_admin\softtokenauth\ai-policies-edit_policy-auth_types_normal_and_enhanced.jpg
ai-user_accounts_delete_pairings.png
ig_admin\riskbasedauth\ai-user_account-edit_account-add_location.jpg
ext_tab_adding_policy.png
watchdataqro_activate.jpg
ssm-self-admin_watchdataqro_token404824192.png
c300_btn_down.png
ai-token-token_details_registeredoffline.png
ai-tokens_assign_watchdata2_cropped.png
breadcrumb_link.png
auditmon_collapse.png
ig_admin\config_reporting\ai-reports-unassignedcard_search_criteria.jpg
help_expanded_text.png
icn_collapse_text_in_help.png
ig_admin\usingadmininterface\ai-ie-security-cert-warning.jpg
ig_admin\useradminsection\ai-user_account-edit_account-contact_info_two_select.jpg
ig_admin\useradminsection\ai-user_account-view_account-auth_types_list.jpg
ig_admin\useradminsection\ai-policy-lockout-edit.jpg
ig_admin\useradminsection\ai-user_account-find_accounts_-_lastauth.jpg
ai_createpwd.png
ig_admin\config_igserver\pe-ldap-contact_info_mapping.jpg
ig_admin\outofbandauth\ai-user_account-find_accounts-search_results.jpg
ai_system_licence_tab.png
import_trusted_cert_details.png
ig_admin\enablingme\ig_webmin_listcas.jpg
ig_admin\enablingme\ssm_app_downloadcacert.jpg
ig_admin\enablingme\ssm_app_login_mobilenroll.jpg
dl_otp_in_supersh.png
dl_otp_in_ai-userauthtypes.png
ig_admin\certauth\pe-cert-audit.jpg
ig_admin\certauth\ai-certificates-certificate_settings.jpg
ig_admin\temppinsauth\temppinsauth00829.jpg
ig_admin\temppinsauth\temppinsauth00859.jpg
ig_admin\certauth\ai-policies-edit_policy-auth_types-cert.jpg
ig_admin\gridauthentication\pe-card-export.jpg
hotspot_plus.png
watchdata_unlock_code_cropped.jpg
ig_admin\tokenauth\ai-user_account-token-operations.jpg
tokens_pocket_token_sync_3vars.png
btn_search.png
ig_admin\config_radius_proxy\radius-arch-eap.jpg
ig_admin\config_radius_proxy\services_dialog00074.jpg
ig_admin\usingpropeditor\pe-pane-example.jpg
auditmon_refresh.png
ig_admin\config_reporting\ai-reports-report_generation_successful.jpg
ig_admin\config_reporting\ai-reports-new_report_gen_started.jpg
ig_admin\config_reporting\ai-reports-use_personal_query00153.jpg
ig_admin\useradminsection\ai-user_account-find_accounts-search_results-locked_users.jpg
ig_admin\useradminsection\ai-user_account-find_accounts_-_biometricfull.jpg
ig_admin\useradminsection\ai-user_account-find_accounts_-_biometric.jpg
ig_admin\machineauth\machineauth00782.jpg
ig_admin\machineauth\machineauth00789.jpg
ai_changepwd.png
ig_server_hot_stand-by.png
ig_admin\passwordauth\ai-password-create-manual.jpg
ig_admin\outofbandauth\ai-user_account-otp-change_lifetime.jpg
ig_admin\outofbandauth\ai-user_account-view_account-multotp00773.jpg
process_csr.png
ig_admin\enablingme\ig_webmin_accountinfo_ssmadmin.jpg
ai_policy_certauth.png
ai-rba_with_radius-select_test_to_modify.png
ig_admin\riskbasedauth\ai-system-ip-lookup.jpg
ig_admin\temppinsauth\temppinsauth00838.jpg
ig_admin\temppinsauth\temppinsauth00868.jpg
servermanager_caicon.jpg
dualusage_02.png
ai-tokens-unlock_watchdataqro_04.png
ai-tokens-unlock_watchdataqro_02.png
ig_admin\tokenauth\ai-token-load.jpg
ig_admin\tokenauth\ai-user_account-token-operations00638.jpg
ssm-self-admin_activate_watchdataqro_token.png
tokens_pocket_token_sync_2vars_eventdes.png
btn_previousnext.png
ig_admin\adminme\ai-user_account-find_accounts_-_digidfull.jpg
ai-scs_auth-sc-for-user.png
1complexsearchbasewithcontainersfilters.png
ig_admin\useradminsection\ai-user_account-find_accounts-contact_info.jpg
ig_admin\knowledgebasedauth\knowledgebasedauth00679.jpg
ig_admin\knowledgebasedauth\knowledgebasedauth00677.jpg
ig_admin\knowledgebasedauth\knowledgebasedauth00668.jpg
ig_admin\config_igserver\pe-chall-cache.jpg
idg_download_key_cert.png
key_store_mgmt_warning_ai_home.png
ig_admin\softtokenauth\ai-policies-edit_policy-pvn.jpg
ig_admin\certauth\ai-policies-view_policy_authentication_types.jpg
ig_admin\org_mutualauth\mus_secrets.jpg
ig_admin\config_policies\ai-policies-edit_policy-admin.jpg
piv-pivauth_editapppoliciesextension_window.png
09_extensions_tab_apppolicies.png
ig_admin\config_reporting\ai-reports-use_personal_query.jpg
ig_admin\config_reporting\ai-reports-choose_report_options.jpg
ig_admin\config_reporting\ai-reports-choose_report_options00150.jpg
ig_admin\config_reporting\ai-reports-select_a_report-all00147.jpg
ig_admin\usingadmininterface\usingadmininterface00164.jpg
ig_admin\usingadmininterface\usingadmininterface00161.jpg
ig_admin\useradminsection\ai-policies-edit_policy-auth_types_user_secrets.jpg
ig_admin\useradminsection\ai-user_account-edit_account.jpg
failover_repository_partitions.png
ig_admin\outofbandauth\ai-user_account-otp_deliver00768.jpg
ig_admin\enablingme\sma_newuser_scep.jpg
ig_admin\enablingme\ig_webmin_roleslist.jpg
ig_admin\config_roles\config_roles00192.jpg
ig_admin\certauth\ai-user_account-find_accounts_-_certificatefull.jpg
ig_admin\config_policies\config_policies00173.jpg
ig_admin\gridauthentication\gridauthentication00555.jpg
ig_admin\gridauthentication\gridauthentication00573.jpg
ig_admin\gridauthentication\gridauthentication00582.jpg
ig_admin\gridauthentication\gridauthentication00543.jpg
ig_admin\gridauthentication\gridauthentication00552.jpg
ig_admin\gridauthentication\gridauthentication00549.jpg
ig_admin\gridauthentication\gridauthentication00576.jpg
ig_admin\gridauthentication\gridauthentication00540.jpg
ig_admin\gridauthentication\gridauthentication00537.jpg
ig_admin\gridauthentication\gridauthentication00570.jpg
ig_admin\gridauthentication\gridauthentication00567.jpg
ig_admin\gridauthentication\gridauthentication00564.jpg
ig_admin\gridauthentication\gridauthentication00561.jpg
ig_admin\gridauthentication\gridauthentication00558.jpg
ig_admin\gridauthentication\gridauthentication00585.jpg
ig_admin\gridauthentication\gridauthentication00520.jpg
ig_admin\gridauthentication\gridauthentication00579.jpg
ig_admin\gridauthentication\gridauthentication00534.jpg
ig_admin\gridauthentication\gridauthentication00518.jpg
ig_admin\gridauthentication\gridauthentication00529.jpg
ig_admin\gridauthentication\gridauthentication00526.jpg
ig_admin\gridauthentication\gridauthentication00523.jpg
ig_admin\gridauthentication\gridauthentication00546.jpg
04_compat_tab.png
telesign_certpath_tab.png
ai-token-details.png
ig_admin\tokenauth\pe-token_vendors2.png
display_challenge_code.png
entrust_logo_ontransparent_nc.png
ig_admin\usingpropeditor\pe-custom.jpg
ai-users_create_selected_accounts_in_db_pane.png
ai-users_create_multiple_accounts_in_db_pane.png
ig_admin\useradminsection\ai-user_account-find_accounts_-_cardfull.jpg
ig_admin\useradminsection\ai-user_account-find_accounts_-_digidfull.jpg
ig_admin\config_igserver\pe-audit-to-db.jpg
ig_admin\outofbandauth\outofbandauth00761.jpg
ig_admin\outofbandauth\outofbandauth00741.jpg
ig_admin\outofbandauth\outofbandauth00738.jpg
ig_admin\outofbandauth\ai-user_account-view_account-multotp.jpg
ig_admin\outofbandauth\outofbandauth00758.jpg
ig_admin\outofbandauth\outofbandauth00779.jpg
ig_admin\outofbandauth\outofbandauth00776.jpg
csrtext.png
idg_download_icon.png
key_store_mgmt_expired_cert.png
ig_admin\enablingme\ig_webmin_managedcawithdigidconfig.jpg
ig_admin\config_roles\config_roles00201.jpg
ig_admin\config_roles\ai-roles-list_roles.jpg
ig_admin\softtokenauth\ai-user_account-soft_token_create.jpg
ig_admin\certauth\ai-user_account-edit_account-cert.jpg
ig_admin\certauth\ai-user_account-assign_certificate_verify.jpg
ig_admin\certauth\ai-user_account-find_accounts_-_user_account_info.jpg
ig_admin\riskbasedauth\riskbasedauth00807.jpg
ig_admin\riskbasedauth\riskbasedauth00821.jpg
ig_admin\riskbasedauth\riskbasedauth00818.jpg
ig_admin\riskbasedauth\riskbasedauth00813.jpg
ig_admin\riskbasedauth\riskbasedauth00810.jpg
ai-policies-edit_policy_rba.png
ig_admin\temppinsauth\temppinsauth00835.jpg
ig_admin\temppinsauth\temppinsauth00865.jpg
msca_pivpivcert_subjectname.png
05_crypto_tab.png
telesign_viewcert.png
display_challenge_code_signature.png
ig_admin\tokenauth\ai-token-assign-a-token-to-a-user00621.jpg
watchdataqro_select_user.png
auditmon_tab_top.png
ig_admin\config_reporting\ai-reports-digid_search_criteria.jpg
ig_admin\config_reporting\ai-reports-audit_search_criteria.jpg
ig_admin\personvernumbersauth\personvernumbersauth00729.jpg
ig_admin\personvernumbersauth\personvernumbersauth00726.jpg
ig_admin\personvernumbersauth\personvernumbersauth00732.jpg
ig_admin\useradminsection\ai-create-user-account-enroll-select.jpg
ai-policies-edit_policy-repositorydata.png
ai-select_ad_user_to_add_and_sync.png
ig_admin\useradminsection\ai-policy-lockout.jpg
ig_admin\passwordauth\ai-password-view.jpg
generate_self_cert.png
ig_admin\enablingme\ssm_app_selfadmin_nodigid.jpg
ig_admin\softtokenauth\soft-token-activation-help-desk.jpg
ai-certificates-load_ca_cert.png
ig_admin\temppinsauth\temppinsauth00874.jpg
ig_admin\temppinsauth\temppinsauth00844.jpg
toc_highlight.png
ig_admin\useradminsection\ai-user_account-find_accounts-search_results.jpg
icn_question.png
ig_admin\usingpropeditor\pe-custom2.jpg
ig_admin\config_logging\pe-gen-logging.jpg
ig_admin\config_logging\pe-auth-audits.jpg
ig_admin\config_reporting\ai-reports-add_a_personal_query.jpg
ig_admin\usingadmininterface\ai-policies-edit_policy-auth_types_normal_only-nocert.jpg
ig_admin\config_adminsso\ai-sc_login00221.jpg
2searchbasesmanycontainers_final.png
ig_admin\useradminsection\ai-user_account-find_accounts_-_otpfullsearch.jpg
ig_admin\outofbandauth\ai-user_account-find_accounts_-_otpcustomexpiry.jpg
ig_admin\certauth\ai-certificates-find_user_certs.jpg
ig_admin\certauth\ai-user_account-view_account-cert.jpg
ig_admin\temppinsauth\temppinsauth00847.jpg
ai_viewpolicy_authtypespolicy.png
hotspot_minus.png
robohhre.lng
index.ppf
ig_admin\tokenauth\assign_tokens_to_users.htm
ehlpdhtm.js
searchoptions.xml
whxdata\package_0_xml.js
whxdata\package_1_xml.js
whxdata\package_2_xml.js
whxdata\package_3_xml.js
whxdata\package_4_xml.js
whxdata\package_5_xml.js
whxdata\package_6_xml.js
whxdata\package_7_xml.js
whxdata\package_8_xml.js
whxdata\package_9_xml.js
whxdata\package_10_xml.js
whxdata\package_11_xml.js
whxdata\package_12_xml.js
whxdata\package_13_xml.js
whxdata\package_14_xml.js
whxdata\package_15_xml.js
whxdata\package_16_xml.js
whxdata\package_17_xml.js
whxdata\package_18_xml.js
whxdata\package_19_xml.js
whxdata\package_20_xml.js
whxdata\package_21_xml.js
whxdata\package_22_xml.js
whxdata\package_23_xml.js
whxdata\package_24_xml.js
whxdata\package_25_xml.js
whxdata\package_26_xml.js
whxdata\package_27_xml.js
whxdata\package_28_xml.js
whxdata\package_29_xml.js
whxdata\package_30_xml.js
whxdata\package_31_xml.js
whxdata\package_32_xml.js
whxdata\package_33_xml.js
whxdata\package_34_xml.js
whxdata\package_35_xml.js
whxdata\package_36_xml.js
whxdata\package_37_xml.js
whxdata\package_38_xml.js
whxdata\package_39_xml.js
whxdata\package_40_xml.js
whxdata\package_41_xml.js
whxdata\package_42_xml.js
whxdata\package_43_xml.js
whxdata\package_44_xml.js
whxdata\package_45_xml.js
whxdata\package_46_xml.js
whxdata\package_47_xml.js
whxdata\package_48_xml.js
whxdata\package_49_xml.js
whxdata\package_50_xml.js
whxdata\package_51_xml.js
whxdata\package_52_xml.js
whxdata\package_53_xml.js
whxdata\package_54_xml.js
whxdata\package_55_xml.js
whxdata\package_56_xml.js
whxdata\package_57_xml.js
whxdata\package_58_xml.js
whxdata\package_59_xml.js
whxdata\package_60_xml.js
whxdata\package_61_xml.js
whxdata\package_62_xml.js
whxdata\package_63_xml.js
whxdata\package_64_xml.js
whxdata\package_65_xml.js
whxdata\package_66_xml.js
whxdata\package_67_xml.js
whxdata\package_68_xml.js
whxdata\package_69_xml.js
whxdata\package_70_xml.js
whxdata\package_71_xml.js
whxdata\package_72_xml.js
whxdata\package_73_xml.js
whxdata\package_74_xml.js
whxdata\package_75_xml.js
whxdata\package_76_xml.js
whxdata\package_77_xml.js
whxdata\package_78_xml.js
whxdata\package_79_xml.js
whxdata\package_80_xml.js
whxdata\package_81_xml.js
whxdata\package_82_xml.js
whxdata\package_83_xml.js
whxdata\package_84_xml.js
whxdata\package_85_xml.js
whxdata\package_86_xml.js
whxdata\package_87_xml.js
whxdata\package_88_xml.js
whxdata\package_89_xml.js
whxdata\package_90_xml.js
whxdata\package_91_xml.js
whxdata\package_92_xml.js
whxdata\package_93_xml.js
whxdata\package_94_xml.js
whxdata\package_95_xml.js
whxdata\package_96_xml.js
whxdata\package_97_xml.js
whxdata\package_98_xml.js
whxdata\package_99_xml.js
whxdata\package_100_xml.js
whxdata\package_101_xml.js
whxdata\package_102_xml.js
whxdata\package_103_xml.js
whxdata\package_104_xml.js
whxdata\package_105_xml.js
whxdata\package_106_xml.js
whxdata\package_107_xml.js
whxdata\package_108_xml.js
whxdata\package_109_xml.js
whxdata\package_110_xml.js
whxdata\package_111_xml.js
whxdata\package_112_xml.js
whxdata\package_113_xml.js
whxdata\package_114_xml.js
whxdata\package_115_xml.js
whxdata\package_116_xml.js
whxdata\package_117_xml.js
whxdata\package_118_xml.js
whxdata\package_119_xml.js
whxdata\package_120_xml.js
whxdata\package_121_xml.js
whxdata\package_122_xml.js
whxdata\package_123_xml.js
whxdata\package_124_xml.js
whxdata\package_125_xml.js
whxdata\package_126_xml.js
whxdata\package_127_xml.js
whxdata\package_128_xml.js
whxdata\package_129_xml.js
whxdata\package_130_xml.js
whxdata\package_131_xml.js
whxdata\package_132_xml.js
whxdata\package_133_xml.js
whxdata\package_134_xml.js
whxdata\package_135_xml.js
whxdata\package_136_xml.js
whxdata\package_137_xml.js
whxdata\package_138_xml.js
whxdata\package_139_xml.js
whxdata\package_140_xml.js
whxdata\package_141_xml.js
whxdata\package_142_xml.js
whxdata\package_143_xml.js
whxdata\package_144_xml.js
whxdata\package_145_xml.js
whxdata\package_146_xml.js
whxdata\package_147_xml.js
whxdata\package_148_xml.js
whxdata\package_149_xml.js
whxdata\package_150_xml.js
whxdata\package_151_xml.js
whxdata\package_152_xml.js
whxdata\package_153_xml.js
whxdata\package_154_xml.js
whxdata\package_155_xml.js
whxdata\package_156_xml.js
whxdata\package_157_xml.js
whxdata\package_158_xml.js
whxdata\package_159_xml.js
whxdata\package_160_xml.js
whxdata\package_161_xml.js
whxdata\package_162_xml.js
whxdata\package_163_xml.js
whxdata\package_164_xml.js
whxdata\package_165_xml.js
whxdata\package_166_xml.js
whxdata\package_167_xml.js
whxdata\package_168_xml.js
whxdata\package_169_xml.js
whxdata\package_170_xml.js
whxdata\package_171_xml.js
whxdata\package_172_xml.js
whxdata\package_173_xml.js
whxdata\package_174_xml.js
whxdata\package_175_xml.js
whxdata\package_176_xml.js
whxdata\package_177_xml.js
whxdata\package_178_xml.js
whxdata\package_179_xml.js
whxdata\package_180_xml.js
whxdata\package_181_xml.js
whxdata\package_182_xml.js
whxdata\package_183_xml.js
whxdata\package_184_xml.js
whxdata\package_185_xml.js
whxdata\package_186_xml.js
whxdata\package_187_xml.js
whxdata\package_188_xml.js
whxdata\package_189_xml.js
whxdata\package_190_xml.js
whxdata\package_191_xml.js
whxdata\package_192_xml.js
whxdata\package_193_xml.js
whxdata\package_194_xml.js
whxdata\package_195_xml.js
whxdata\package_196_xml.js
whxdata\package_197_xml.js
whxdata\package_198_xml.js
whxdata\package_199_xml.js
whxdata\package_200_xml.js
whxdata\package_201_xml.js
whxdata\package_202_xml.js
whxdata\package_203_xml.js
whxdata\package_204_xml.js
whxdata\package_205_xml.js
whxdata\package_206_xml.js
whxdata\package_207_xml.js
whxdata\package_208_xml.js
whxdata\package_209_xml.js
whxdata\package_210_xml.js
whxdata\package_211_xml.js
whxdata\package_212_xml.js
whxdata\package_213_xml.js
whxdata\package_214_xml.js
whxdata\package_215_xml.js
whxdata\package_216_xml.js
whxdata\package_217_xml.js
whxdata\package_218_xml.js
whxdata\package_219_xml.js
whxdata\package_220_xml.js
whxdata\package_221_xml.js
whxdata\package_222_xml.js
whxdata\package_223_xml.js
whxdata\package_224_xml.js
whxdata\package_225_xml.js
whxdata\package_226_xml.js
whxdata\package_227_xml.js
whxdata\package_228_xml.js
whxdata\package_229_xml.js
whxdata\package_230_xml.js
whxdata\package_231_xml.js
whxdata\package_232_xml.js
whxdata\package_233_xml.js
whxdata\package_234_xml.js
whxdata\package_235_xml.js
whxdata\package_236_xml.js
whxdata\package_237_xml.js
whxdata\package_238_xml.js
whxdata\package_239_xml.js
whxdata\package_240_xml.js
whxdata\package_241_xml.js
whxdata\package_242_xml.js
whxdata\package_243_xml.js
whxdata\package_244_xml.js
whxdata\package_245_xml.js
whxdata\package_246_xml.js
whxdata\package_247_xml.js
whxdata\package_248_xml.js
whxdata\package_249_xml.js
whxdata\package_250_xml.js
whxdata\package_251_xml.js
whxdata\package_252_xml.js
whxdata\package_253_xml.js
whxdata\package_254_xml.js
whxdata\package_255_xml.js
whxdata\package_256_xml.js
whxdata\package_257_xml.js
whxdata\package_258_xml.js
whxdata\package_259_xml.js
whxdata\package_260_xml.js
whxdata\package_261_xml.js
whxdata\package_262_xml.js
whxdata\package_263_xml.js
whxdata\package_264_xml.js
whxdata\package_265_xml.js
whxdata\package_266_xml.js
whxdata\package_267_xml.js
whxdata\package_268_xml.js
whxdata\package_269_xml.js
whxdata\package_270_xml.js
whxdata\package_271_xml.js
whxdata\package_272_xml.js
whxdata\package_273_xml.js
whxdata\package_274_xml.js
whxdata\package_275_xml.js
whxdata\package_276_xml.js
whxdata\package_277_xml.js
whxdata\package_278_xml.js
whxdata\package_279_xml.js
whxdata\package_280_xml.js
whxdata\package_281_xml.js
whxdata\package_282_xml.js
whxdata\package_283_xml.js
whxdata\package_284_xml.js
whxdata\package_285_xml.js
whxdata\package_286_xml.js
whxdata\package_287_xml.js
whxdata\package_288_xml.js
whxdata\package_289_xml.js
whxdata\package_290_xml.js
whxdata\package_291_xml.js
whxdata\package_292_xml.js
whxdata\package_293_xml.js
whxdata\package_294_xml.js
whxdata\package_295_xml.js
whxdata\package_296_xml.js
whxdata\package_297_xml.js
whxdata\package_298_xml.js
whxdata\package_299_xml.js
whxdata\package_300_xml.js
whxdata\package_301_xml.js
whxdata\package_302_xml.js
whxdata\package_303_xml.js
whxdata\package_304_xml.js
whxdata\package_305_xml.js
whxdata\package_306_xml.js
whxdata\package_307_xml.js
whxdata\package_308_xml.js
whxdata\package_309_xml.js
whxdata\package_310_xml.js
whxdata\package_311_xml.js
whxdata\package_312_xml.js
whxdata\package_313_xml.js
whxdata\package_314_xml.js
whxdata\package_315_xml.js
whxdata\package_316_xml.js
whxdata\package_317_xml.js
whxdata\package_318_xml.js
whxdata\package_319_xml.js
whxdata\package_320_xml.js
whxdata\package_321_xml.js
whxdata\package_322_xml.js
whxdata\package_323_xml.js
whxdata\package_324_xml.js
whxdata\package_325_xml.js
whxdata\package_326_xml.js
whxdata\package_327_xml.js
whxdata\package_328_xml.js
whxdata\package_329_xml.js
whxdata\package_330_xml.js
whxdata\package_331_xml.js
whxdata\package_332_xml.js
whxdata\package_333_xml.js
whxdata\package_334_xml.js
whxdata\package_335_xml.js
whxdata\package_336_xml.js
whxdata\package_337_xml.js
whxdata\package_338_xml.js
whxdata\package_339_xml.js
whxdata\package_340_xml.js
whxdata\package_341_xml.js
whxdata\package_342_xml.js
whxdata\package_343_xml.js
whxdata\package_344_xml.js
whxdata\package_345_xml.js
whxdata\package_346_xml.js
whxdata\package_347_xml.js
whxdata\package_348_xml.js
whxdata\package_349_xml.js
whxdata\package_350_xml.js
whxdata\package_351_xml.js
whxdata\package_352_xml.js
whxdata\package_353_xml.js
whxdata\package_354_xml.js
whxdata\package_355_xml.js
whxdata\package_356_xml.js
whxdata\package_357_xml.js
whxdata\package_358_xml.js
whxdata\package_359_xml.js
whxdata\package_360_xml.js
whxdata\package_361_xml.js
whxdata\package_362_xml.js
whxdata\package_363_xml.js
whxdata\package_364_xml.js
whxdata\package_365_xml.js
whxdata\package_366_xml.js
whxdata\package_367_xml.js
whxdata\package_368_xml.js
whxdata\package_369_xml.js
whxdata\package_370_xml.js
whxdata\package_371_xml.js
whxdata\package_372_xml.js
whxdata\package_373_xml.js
whxdata\package_374_xml.js
whxdata\package_375_xml.js
whxdata\package_376_xml.js
whxdata\package_377_xml.js
whxdata\package_378_xml.js
whxdata\package_379_xml.js
whxdata\package_380_xml.js
whxdata\package_381_xml.js
whxdata\package_382_xml.js
whxdata\package_383_xml.js
whxdata\package_384_xml.js
whxdata\package_385_xml.js
whxdata\package_386_xml.js
whxdata\package_387_xml.js
whxdata\package_388_xml.js
whxdata\package_389_xml.js
whxdata\package_390_xml.js
whxdata\package_391_xml.js
whxdata\package_392_xml.js
whxdata\package_393_xml.js
whxdata\package_394_xml.js
whxdata\package_395_xml.js
whxdata\package_396_xml.js
whxdata\package_397_xml.js
whxdata\package_398_xml.js
whxdata\package_399_xml.js
whxdata\package_400_xml.js
whxdata\package_401_xml.js
whxdata\package_402_xml.js
whxdata\package_403_xml.js
whxdata\package_404_xml.js
whxdata\package_405_xml.js
whxdata\package_406_xml.js
whxdata\package_407_xml.js
whxdata\package_408_xml.js
whxdata\package_409_xml.js
whxdata\package_410_xml.js
whxdata\package_411_xml.js
whxdata\package_412_xml.js
whxdata\package_413_xml.js
whxdata\package_414_xml.js
whxdata\package_415_xml.js
whxdata\package_416_xml.js
whxdata\package_417_xml.js
whxdata\package_418_xml.js
whxdata\package_419_xml.js
whxdata\package_420_xml.js
whxdata\package_421_xml.js
whxdata\package_422_xml.js
whxdata\package_423_xml.js
whxdata\package_424_xml.js
whxdata\package_425_xml.js
whxdata\package_426_xml.js
whxdata\package_427_xml.js
whxdata\package_428_xml.js
whxdata\package_429_xml.js
whxdata\package_430_xml.js
whxdata\package_431_xml.js
whxdata\package_432_xml.js
whxdata\package_433_xml.js
whxdata\package_434_xml.js
whxdata\package_435_xml.js
whxdata\package_436_xml.js
whxdata\package_437_xml.js
whxdata\package_438_xml.js
whxdata\package_439_xml.js
whxdata\package_440_xml.js
whxdata\package_441_xml.js
whxdata\package_442_xml.js
whxdata\package_443_xml.js
whxdata\package_444_xml.js
whxdata\package_445_xml.js
whxdata\package_446_xml.js
whxdata\package_447_xml.js
whxdata\package_448_xml.js
whxdata\package_449_xml.js
whxdata\package_450_xml.js
whxdata\package_451_xml.js
whxdata\package_452_xml.js
whxdata\package_453_xml.js
whxdata\package_454_xml.js
whxdata\package_455_xml.js
whxdata\package_456_xml.js
whxdata\package_457_xml.js
whxdata\package_458_xml.js
whxdata\package_459_xml.js
whxdata\package_460_xml.js
whxdata\package_461_xml.js
whxdata\package_462_xml.js
whxdata\package_463_xml.js
whxdata\package_464_xml.js
whxdata\package_465_xml.js
whxdata\package_466_xml.js
whxdata\package_467_xml.js
whxdata\package_468_xml.js
whxdata\package_469_xml.js
whxdata\package_470_xml.js
whxdata\package_471_xml.js
whxdata\package_472_xml.js
whxdata\package_473_xml.js
whxdata\package_474_xml.js
whxdata\package_475_xml.js
whxdata\package_476_xml.js
whxdata\package_477_xml.js
whxdata\package_478_xml.js
whxdata\package_479_xml.js
whxdata\package_480_xml.js
whxdata\package_481_xml.js
whxdata\package_482_xml.js
whxdata\package_483_xml.js
whxdata\package_484_xml.js
whxdata\package_485_xml.js
whxdata\package_486_xml.js
whxdata\package_487_xml.js
whxdata\package_488_xml.js
whxdata\package_489_xml.js
whxdata\package_490_xml.js
whxdata\package_491_xml.js
whxdata\package_492_xml.js
whxdata\package_493_xml.js
whxdata\package_494_xml.js
whxdata\package_495_xml.js
whxdata\package_496_xml.js
whxdata\package_497_xml.js
whxdata\package_498_xml.js
whxdata\package_499_xml.js
whxdata\package_500_xml.js
whxdata\package_501_xml.js
whxdata\package_502_xml.js
whxdata\package_503_xml.js
whxdata\package_504_xml.js
whxdata\package_505_xml.js
whxdata\package_506_xml.js
whxdata\package_507_xml.js
whxdata\package_508_xml.js
whxdata\package_509_xml.js
whxdata\package_510_xml.js
whxdata\package_511_xml.js
whxdata\package_512_xml.js
whxdata\package_513_xml.js
whxdata\package_514_xml.js
whxdata\package_515_xml.js
whxdata\package_516_xml.js
whxdata\package_517_xml.js
whxdata\package_518_xml.js
whxdata\package_519_xml.js
whxdata\package_520_xml.js
whxdata\package_521_xml.js
whxdata\package_522_xml.js
whxdata\package_523_xml.js
whxdata\package_524_xml.js
whxdata\package_525_xml.js
whxdata\package_526_xml.js
whxdata\package_527_xml.js
whxdata\package_528_xml.js
whxdata\package_529_xml.js
whxdata\package_530_xml.js
whxdata\package_531_xml.js
whxdata\package_532_xml.js
whxdata\package_533_xml.js
whxdata\package_534_xml.js
whxdata\package_535_xml.js
whxdata\package_536_xml.js
whxdata\package_537_xml.js
whxdata\package_538_xml.js
whxdata\package_539_xml.js
whxdata\package_540_xml.js
whxdata\package_541_xml.js
whxdata\package_542_xml.js
whxdata\package_543_xml.js
whxdata\package_544_xml.js
whxdata\package_545_xml.js
whxdata\package_546_xml.js
whxdata\package_547_xml.js
whxdata\package_548_xml.js
whxdata\package_549_xml.js
whxdata\package_550_xml.js
whxdata\package_551_xml.js
whxdata\package_552_xml.js
whxdata\package_553_xml.js
whxdata\package_554_xml.js
whxdata\package_555_xml.js
whxdata\package_556_xml.js
whxdata\package_557_xml.js
whxdata\package_558_xml.js
whxdata\package_559_xml.js
whxdata\package_560_xml.js
whxdata\package_561_xml.js
whxdata\package_562_xml.js
whxdata\package_563_xml.js
whxdata\package_564_xml.js
whxdata\package_565_xml.js
whxdata\package_566_xml.js
whxdata\package_567_xml.js
whxdata\package_568_xml.js
whxdata\package_569_xml.js
whxdata\package_570_xml.js
whxdata\package_571_xml.js
whxdata\package_572_xml.js
whxdata\package_573_xml.js
whxdata\package_574_xml.js
whxdata\package_575_xml.js
whxdata\package_576_xml.js
whxdata\package_577_xml.js
whxdata\package_578_xml.js
whxdata\package_579_xml.js
whxdata\package_580_xml.js
whxdata\package_581_xml.js
whxdata\package_582_xml.js
whxdata\package_583_xml.js
whxdata\package_584_xml.js
whxdata\package_585_xml.js
whxdata\package_586_xml.js
whxdata\package_587_xml.js
whxdata\package_588_xml.js
whxdata\package_589_xml.js
whxdata\package_590_xml.js
whxdata\package_591_xml.js
whxdata\package_592_xml.js
whxdata\package_593_xml.js
whxdata\package_594_xml.js
whxdata\package_595_xml.js
whxdata\package_596_xml.js
whxdata\package_597_xml.js
whxdata\package_598_xml.js
whxdata\package_599_xml.js
whxdata\package_600_xml.js
whxdata\package_601_xml.js
whxdata\package_602_xml.js
whxdata\package_603_xml.js
whxdata\package_604_xml.js
whxdata\package_605_xml.js
whxdata\package_606_xml.js
whxdata\package_607_xml.js
whxdata\package_608_xml.js
whxdata\package_609_xml.js
whxdata\package_610_xml.js
whxdata\package_611_xml.js
whxdata\package_612_xml.js
whxdata\package_613_xml.js
whxdata\package_614_xml.js
whxdata\package_615_xml.js
whxdata\package_616_xml.js
whxdata\package_617_xml.js
whxdata\package_618_xml.js
whxdata\package_619_xml.js
whxdata\package_620_xml.js
whxdata\package_621_xml.js
whxdata\package_622_xml.js
whxdata\package_623_xml.js
whxdata\package_624_xml.js
whxdata\package_625_xml.js
whxdata\package_626_xml.js
whxdata\package_627_xml.js
whxdata\package_628_xml.js
whxdata\package_629_xml.js
whxdata\package_630_xml.js
whxdata\package_631_xml.js
whxdata\package_632_xml.js
whxdata\package_633_xml.js
whxdata\package_634_xml.js
whxdata\package_635_xml.js
whxdata\package_636_xml.js
whxdata\package_637_xml.js
whxdata\package_638_xml.js
whxdata\package_639_xml.js
whxdata\package_640_xml.js
whxdata\package_641_xml.js
whxdata\package_642_xml.js
whxdata\package_643_xml.js
whxdata\package_644_xml.js
whxdata\package_645_xml.js
whxdata\package_646_xml.js
whxdata\package_647_xml.js
whxdata\package_648_xml.js
whxdata\package_649_xml.js
whxdata\package_650_xml.js
whxdata\package_651_xml.js
whxdata\package_652_xml.js
whxdata\package_653_xml.js
whxdata\package_654_xml.js
whxdata\package_655_xml.js
whxdata\package_656_xml.js
whxdata\package_657_xml.js
whxdata\package_658_xml.js
whxdata\package_659_xml.js
whxdata\package_660_xml.js
whxdata\package_661_xml.js
whxdata\package_662_xml.js
whxdata\package_663_xml.js
whxdata\package_664_xml.js
whxdata\package_665_xml.js
whxdata\package_666_xml.js
whxdata\package_667_xml.js
whxdata\package_668_xml.js
whxdata\package_669_xml.js
whxdata\package_670_xml.js
whxdata\package_671_xml.js
whxdata\package_672_xml.js
whxdata\package_673_xml.js
whxdata\package_674_xml.js
whxdata\package_675_xml.js
whxdata\package_676_xml.js
whxdata\package_677_xml.js
whxdata\package_678_xml.js
whxdata\package_679_xml.js
whxdata\package_680_xml.js
whxdata\package_681_xml.js
whxdata\package_682_xml.js
whxdata\package_683_xml.js
whxdata\package_684_xml.js
whxdata\package_685_xml.js
whxdata\package_686_xml.js
whxdata\package_687_xml.js
whxdata\package_688_xml.js
whxdata\package_689_xml.js
whxdata\package_690_xml.js
whxdata\package_691_xml.js
whxdata\package_692_xml.js
whxdata\package_693_xml.js
whxdata\package_694_xml.js
whxdata\package_695_xml.js
whxdata\package_696_xml.js
whxdata\package_697_xml.js
whxdata\package_698_xml.js
whxdata\package_699_xml.js
whxdata\package_700_xml.js
whxdata\package_701_xml.js
whxdata\package_702_xml.js
whxdata\package_703_xml.js
whxdata\package_704_xml.js
whxdata\package_705_xml.js
whxdata\package_706_xml.js
whxdata\package_707_xml.js
whxdata\package_708_xml.js
whxdata\package_709_xml.js
whxdata\package_710_xml.js
whxdata\package_711_xml.js
whxdata\package_712_xml.js
whxdata\package_713_xml.js
whxdata\package_714_xml.js
whxdata\package_715_xml.js
whxdata\package_716_xml.js
whxdata\package_717_xml.js
whxdata\package_718_xml.js
whxdata\package_719_xml.js
whxdata\package_720_xml.js
whxdata\package_721_xml.js
whxdata\package_722_xml.js
whxdata\package_723_xml.js
whxdata\package_724_xml.js
whxdata\package_725_xml.js
whxdata\package_726_xml.js
whxdata\package_727_xml.js
whxdata\package_728_xml.js
whxdata\package_729_xml.js
whxdata\package_730_xml.js
whxdata\package_731_xml.js
whxdata\package_732_xml.js
whxdata\package_733_xml.js
whxdata\package_734_xml.js
whxdata\package_735_xml.js
whxdata\package_736_xml.js
whxdata\package_737_xml.js
whxdata\package_738_xml.js
whxdata\package_739_xml.js
whxdata\package_740_xml.js
whxdata\package_741_xml.js
whxdata\package_742_xml.js
whxdata\package_743_xml.js
whxdata\package_744_xml.js
whxdata\package_745_xml.js
whxdata\package_746_xml.js
whxdata\package_747_xml.js
whxdata\package_748_xml.js
whxdata\package_749_xml.js
whxdata\package_750_xml.js
whxdata\package_751_xml.js
whxdata\package_752_xml.js
whxdata\package_753_xml.js
whxdata\package_754_xml.js
whxdata\package_755_xml.js
whxdata\package_756_xml.js
whxdata\package_757_xml.js
whxdata\package_758_xml.js
whxdata\package_759_xml.js
whxdata\package_760_xml.js
whxdata\package_761_xml.js
whxdata\package_762_xml.js
whxdata\package_763_xml.js
whxdata\package_764_xml.js
whxdata\package_765_xml.js
whxdata\package_766_xml.js
whxdata\package_767_xml.js
whxdata\package_768_xml.js
whxdata\package_769_xml.js
whxdata\package_770_xml.js
whxdata\package_771_xml.js
whxdata\package_772_xml.js
whxdata\package_773_xml.js
whxdata\package_774_xml.js
whxdata\package_775_xml.js
whxdata\package_776_xml.js
whxdata\package_777_xml.js
whxdata\package_778_xml.js
whxdata\package_779_xml.js
whxdata\package_780_xml.js
whxdata\package_781_xml.js
whxdata\package_782_xml.js
whxdata\package_783_xml.js
whxdata\package_784_xml.js
whxdata\package_785_xml.js
whxdata\package_786_xml.js
whxdata\package_787_xml.js
whxdata\package_788_xml.js
whxdata\package_789_xml.js
whxdata\package_790_xml.js
whxdata\package_791_xml.js
whxdata\package_792_xml.js
whxdata\package_793_xml.js
whxdata\package_794_xml.js
whxdata\package_795_xml.js
whxdata\package_796_xml.js
whxdata\package_797_xml.js
whxdata\package_798_xml.js
whxdata\package_799_xml.js
whxdata\package_800_xml.js
whxdata\package_801_xml.js
whxdata\package_802_xml.js
whxdata\package_803_xml.js
whxdata\package_804_xml.js
whxdata\package_805_xml.js
whxdata\package_806_xml.js
whxdata\package_807_xml.js
whxdata\package_808_xml.js
whxdata\package_809_xml.js
whxdata\package_810_xml.js
whxdata\package_811_xml.js
whxdata\package_812_xml.js
whxdata\package_813_xml.js
whxdata\package_814_xml.js
whxdata\package_815_xml.js
whxdata\package_816_xml.js
whxdata\package_817_xml.js
whxdata\package_818_xml.js
whxdata\package_819_xml.js
whxdata\package_820_xml.js
whxdata\package_821_xml.js
whxdata\package_822_xml.js
whxdata\package_823_xml.js
whxdata\package_824_xml.js
whxdata\package_825_xml.js
whxdata\package_826_xml.js
whxdata\package_827_xml.js
whxdata\package_828_xml.js
whxdata\package_829_xml.js
whxdata\package_830_xml.js
whxdata\package_831_xml.js
whxdata\package_832_xml.js
whxdata\package_833_xml.js
whxdata\package_834_xml.js
whxdata\package_835_xml.js
whxdata\package_836_xml.js
whxdata\package_837_xml.js
whxdata\package_838_xml.js
whxdata\package_839_xml.js
whxdata\package_840_xml.js
whxdata\package_841_xml.js
whxdata\package_842_xml.js
whxdata\package_843_xml.js
whxdata\package_844_xml.js
whxdata\package_845_xml.js
whxdata\package_846_xml.js
whxdata\package_847_xml.js
whxdata\package_848_xml.js
whxdata\package_849_xml.js
whxdata\package_850_xml.js
whxdata\package_851_xml.js
whxdata\package_852_xml.js
whxdata\package_853_xml.js
whxdata\package_854_xml.js
whxdata\package_855_xml.js
whxdata\package_856_xml.js
whxdata\package_857_xml.js
whxdata\package_858_xml.js
whxdata\package_859_xml.js
whxdata\package_860_xml.js
whxdata\package_861_xml.js
whxdata\package_862_xml.js
whxdata\package_863_xml.js
whxdata\package_864_xml.js
whxdata\package_865_xml.js
whxdata\package_866_xml.js
whxdata\package_867_xml.js
whxdata\package_868_xml.js
whxdata\package_869_xml.js
whxdata\package_870_xml.js
whxdata\package_871_xml.js
whxdata\package_872_xml.js
whxdata\package_873_xml.js
whxdata\package_874_xml.js
whxdata\package_875_xml.js
whxdata\package_876_xml.js
whxdata\package_877_xml.js
whxdata\package_878_xml.js
whxdata\package_879_xml.js
whxdata\package_880_xml.js
whxdata\package_881_xml.js
whxdata\package_882_xml.js
whxdata\package_883_xml.js
whxdata\package_884_xml.js
whxdata\package_885_xml.js
whxdata\package_886_xml.js
whxdata\package_887_xml.js
whxdata\package_888_xml.js
whxdata\package_889_xml.js
whxdata\package_890_xml.js
whxdata\package_891_xml.js
whxdata\package_892_xml.js
whxdata\package_893_xml.js
whxdata\package_894_xml.js
whxdata\package_895_xml.js
whxdata\packageindex_xml.js
whxdata\synonym.xml
whxdata\synonym_xml.js
whxdata\topictable_0_xml.js
whxdata\topictable_1_xml.js
whxdata\topictable_2_xml.js
whxdata\topictable_3_xml.js
whxdata\topictable_4_xml.js
whxdata\topictable_5_xml.js
whxdata\topictable_6_xml.js
whxdata\topictable_7_xml.js
whxdata\topictable_8_xml.js
whxdata\topictable_9_xml.js
whxdata\topictable_10_xml.js
whxdata\topictable_11_xml.js
whxdata\topictable_12_xml.js
whxdata\topictable_13_xml.js
whxdata\topictable_14_xml.js
whxdata\topictable_15_xml.js
whxdata\topictable_16_xml.js
whxdata\topictable_17_xml.js
whxdata\topictable_18_xml.js
whxdata\topictable_19_xml.js
whxdata\topictable_20_xml.js
whxdata\topictable_21_xml.js
whxdata\topictable_22_xml.js
whxdata\topictable_23_xml.js
whxdata\topictable_24_xml.js
whxdata\topictableindex_xml.js
whxdata\whfts.xml
whxdata\whfts_xml.js
whproj_xml.js
whxdata\whtoc_xml.js
whxdata\whidx_xml.js
whxdata\whglo_xml.js
resource\resource_xml.js
whbrs_xml.js
whres_xml.js
whcsh_xml.js
whxdata\whtdata0_xml.js
whxdata\whtdata1_xml.js
whxdata\whtdata2_xml.js
whxdata\whtdata3_xml.js
whxdata\whtdata4_xml.js
whxdata\whtdata5_xml.js
whxdata\whtdata6_xml.js
whxdata\whtdata7_xml.js
whxdata\whtdata8_xml.js
whxdata\whtdata9_xml.js
whxdata\whtdata10_xml.js
whxdata\whtdata11_xml.js
whxdata\whtdata12_xml.js
whxdata\whtdata13_xml.js
whxdata\whtdata14_xml.js
whxdata\whtdata15_xml.js
whxdata\whtdata16_xml.js
whxdata\whtdata17_xml.js
whxdata\whtdata18_xml.js
whxdata\whtdata19_xml.js
whxdata\whtdata20_xml.js
whxdata\whtdata21_xml.js
whxdata\whtdata22_xml.js
whxdata\whtdata23_xml.js
whxdata\whtdata24_xml.js
whxdata\whidata0_xml.js
whxdata\whidata1_xml.js
whxdata\whidata2_xml.js
whxdata\whidata3_xml.js
whxdata\whidata4_xml.js
whxdata\whidata5_xml.js
whxdata\whidata6_xml.js
whxdata\whidata7_xml.js
whxdata\whidata8_xml.js
whxdata\whidata9_xml.js
whxdata\whidata10_xml.js
whxdata\whidata11_xml.js
whdata\whtdata0.htm
whdata\whtdata1.htm
whdata\whtdata2.htm
whdata\whtdata3.htm
whdata\whtdata4.htm
whdata\whtdata5.htm
whdata\whtdata6.htm
whdata\whtdata7.htm
whdata\whtdata8.htm
whdata\whtdata9.htm
whdata\whtdata10.htm
whdata\whtdata11.htm
whdata\whtdata12.htm
whdata\whtdata13.htm
whdata\whtdata14.htm
whdata\whtdata15.htm
whdata\whtdata16.htm
whdata\whtdata17.htm
whdata\whtdata18.htm
whdata\whtdata19.htm
whdata\whtdata20.htm
whdata\whtdata21.htm
whdata\whtdata22.htm
whdata\whtdata23.htm
whdata\whtdata24.htm
whdata\whidata0.htm
whdata\whidata1.htm
whdata\whidata2.htm
whdata\whidata3.htm
whdata\whidata4.htm
whdata\whidata5.htm
whdata\whidata6.htm
whdata\whidata7.htm
whdata\whidata8.htm
whdata\whidata9.htm
whdata\whidata10.htm
whdata\whidata11.htm
whgdata\whlstt0.htm
whgdata\whlstt1.htm
whgdata\whlstt2.htm
whgdata\whlstt3.htm
whgdata\whlstt4.htm
whgdata\whlstt5.htm
whgdata\whlstt6.htm
whgdata\whlstt7.htm
whgdata\whlstt8.htm
whgdata\whlstt9.htm
whgdata\whlstt10.htm
whgdata\whlstt11.htm
whgdata\whlstt12.htm
whgdata\whlstt13.htm
whgdata\whlstt14.htm
whgdata\whlstt15.htm
whgdata\whlstt16.htm
whgdata\whlstt17.htm
whgdata\whlstt18.htm
whgdata\whlstt19.htm
whgdata\whlstt20.htm
whgdata\whlstt21.htm
whgdata\whlstt22.htm
whgdata\whlstt23.htm
whgdata\whlstt24.htm
whgdata\whlstt25.htm
whgdata\whlstt26.htm
whgdata\whlstt27.htm
whgdata\whlstt28.htm
whgdata\whlstt29.htm
whgdata\whlstt30.htm
whgdata\whlstt31.htm
whgdata\whlstt32.htm
whgdata\whlstt33.htm
whgdata\whlstt34.htm
whgdata\whlstt35.htm
whgdata\whlstt36.htm
whgdata\whlstt37.htm
whgdata\whlstt38.htm
whgdata\whlstt39.htm
whgdata\whlstt40.htm
whgdata\whlstt41.htm
whgdata\whlstt42.htm
whgdata\whlstt43.htm
whgdata\whlstt44.htm
whgdata\whlstt45.htm
whgdata\whlstt46.htm
whgdata\whlstt47.htm
whgdata\whlstt48.htm
whgdata\whlstt49.htm
whgdata\whlstt50.htm
whgdata\whlstt51.htm
whgdata\whlstt52.htm
whgdata\whlstt53.htm
whgdata\whlstt54.htm
whgdata\whlstt55.htm
whgdata\whlstt56.htm
whgdata\whlstt57.htm
whgdata\whlstt58.htm
whgdata\whlstt59.htm
whgdata\whlstt60.htm
whgdata\whlstt61.htm
whgdata\whlstt62.htm
whgdata\whlstt63.htm
whgdata\whlstt64.htm
whgdata\whlstt65.htm
whgdata\whlstt66.htm
whgdata\whlstt67.htm
whgdata\whlstt68.htm
whgdata\whlstt69.htm
whgdata\whlstt70.htm
whgdata\whlstt71.htm
whgdata\whlstt72.htm
whgdata\whlstt73.htm
whgdata\whlstt74.htm
whgdata\whlstt75.htm
whgdata\whlstt76.htm
whgdata\whlstt77.htm
whgdata\whlstt78.htm
whgdata\whlstt79.htm
whgdata\whlstt80.htm
whgdata\whlstt81.htm
whgdata\whlstt82.htm
whgdata\whlstt83.htm
whgdata\whlstt84.htm
whgdata\whlstt85.htm
whgdata\whlstt86.htm
whgdata\whlstt87.htm
whgdata\whlstt88.htm
whgdata\whlstt89.htm
whgdata\whlstt90.htm
whgdata\whlstt91.htm
whgdata\whlstt92.htm
whgdata\whlstt93.htm
whgdata\whlstt94.htm
whgdata\whlstt95.htm
whgdata\whlstt96.htm
whgdata\whlstt97.htm
whgdata\whlstt98.htm
whgdata\whlstt99.htm
whgdata\whlstt100.htm
whgdata\whlstt101.htm
whgdata\whlstt102.htm
whgdata\whlstt103.htm
whgdata\whlstt104.htm
whgdata\whlstt105.htm
whgdata\whlstt106.htm
whgdata\whlstt107.htm
whgdata\whlstt108.htm
whgdata\whlstt109.htm
whgdata\whlstt110.htm
whgdata\whlstt111.htm
whgdata\whlstt112.htm
whgdata\whlstt113.htm
whgdata\whlstt114.htm
whgdata\whlstt115.htm
whgdata\whlstt116.htm
whgdata\whlstt117.htm
whgdata\whlstt118.htm
whgdata\whlstt119.htm
whgdata\whlstt120.htm
whgdata\whlstt121.htm
whgdata\whlstt122.htm
whgdata\whlstt123.htm
whgdata\whlstt124.htm
whgdata\whlstt125.htm
whgdata\whlstt126.htm
whgdata\whlstt127.htm
whgdata\whlstt128.htm
whgdata\whlstt129.htm
whgdata\whlstt130.htm
whgdata\whlstt131.htm
whgdata\whlstt132.htm
whgdata\whlstt133.htm
whgdata\whlstt134.htm
whgdata\whlstt135.htm
whgdata\whlstt136.htm
whgdata\whlstt137.htm
whgdata\whlstt138.htm
whgdata\whlstt139.htm
whgdata\whlstt140.htm
whgdata\whlstt141.htm
whgdata\whlstt142.htm
whgdata\whlstt143.htm
whgdata\whlstt144.htm
whgdata\whlstt145.htm
whgdata\whlstt146.htm
whgdata\whlstt147.htm
whgdata\whlstt148.htm
whgdata\whlstt149.htm
whgdata\whlstt150.htm
whgdata\whlstt151.htm
whgdata\whlstt152.htm
whgdata\whlstt153.htm
whgdata\whlstt154.htm
whgdata\whlstt155.htm
whgdata\whlstt156.htm
whgdata\whlstt157.htm
whgdata\whlstt158.htm
whgdata\whlstt159.htm
whgdata\whlstt160.htm
whgdata\whlstt161.htm
whgdata\whlstt162.htm
whgdata\whlstt163.htm
whgdata\whlstt164.htm
whgdata\whlstt165.htm
whgdata\whlstt166.htm
whgdata\whlstt167.htm
whgdata\whlstt168.htm
whgdata\whlstt169.htm
whgdata\whlstt170.htm
whgdata\whlstt171.htm
whgdata\whlstt172.htm
whgdata\whlstt173.htm
whgdata\whlstt174.htm
whgdata\whlstt175.htm
whgdata\whlstt176.htm
whgdata\whlstt177.htm
whgdata\whlstt178.htm
whgdata\whlstt179.htm
whgdata\whlstt180.htm
whgdata\whlstt181.htm
whgdata\whlsti0.htm
whgdata\whlsti1.htm
whgdata\whlsti2.htm
whgdata\whlsti3.htm
whgdata\whlsti4.htm
whgdata\whlstfl0.htm
whgdata\whlstfl1.htm
whgdata\whlstfl2.htm
whgdata\whlstfl3.htm
whgdata\whlstfl4.htm
whgdata\whlstfl5.htm
whgdata\whlstfl6.htm
whgdata\whlstfl7.htm
whgdata\whlstfl8.htm
whgdata\whlstfl9.htm
whgdata\whlstfl10.htm
whgdata\whlstfl11.htm
whgdata\whlstfl12.htm
whgdata\whlstfl13.htm
whgdata\whlstfl14.htm
whgdata\whlstfl15.htm
whgdata\whlstfl16.htm
whgdata\whlstfl17.htm
whgdata\whlstfl18.htm
whgdata\whlstfl19.htm
whgdata\whlstfl20.htm
whgdata\whlstfl21.htm
whgdata\whlstfl22.htm
whgdata\whlstfl23.htm
whgdata\whlstfl24.htm
whgdata\whlstfl25.htm
whgdata\whlstf0.htm
whgdata\whlstf1.htm
whgdata\whlstf2.htm
whgdata\whlstf3.htm
whgdata\whlstf4.htm
whgdata\whlstf5.htm
whgdata\whlstf6.htm
whgdata\whlstf7.htm
whgdata\whlstf8.htm
whgdata\whlstf9.htm
whgdata\whlstf10.htm
whgdata\whlstf11.htm
whgdata\whlstf12.htm
whgdata\whlstf13.htm
whgdata\whlstf14.htm
whgdata\whlstf15.htm
whgdata\whlstf16.htm
whgdata\whlstf17.htm
whgdata\whlstf18.htm
whgdata\whlstf19.htm
whgdata\whlstf20.htm
whgdata\whlstf21.htm
whgdata\whlstf22.htm
whgdata\whlstf23.htm
whgdata\whlstf24.htm
whgdata\whlstf25.htm
whgdata\whlstf26.htm
whgdata\whlstf27.htm
whgdata\whlstf28.htm
whgdata\whlstf29.htm
whgdata\whlstf30.htm
whgdata\whlstf31.htm
whgdata\whlstf32.htm
whgdata\whlstf33.htm
whgdata\whlstf34.htm
whgdata\whlstf35.htm
whgdata\whlstf36.htm
whgdata\whlstf37.htm
whgdata\whlstf38.htm
whgdata\whlstf39.htm
whgdata\whlstf40.htm
whgdata\whlstf41.htm
whgdata\whlstf42.htm
whgdata\whlstf43.htm
whgdata\whlstf44.htm
whgdata\whlstf45.htm
whgdata\whlstf46.htm
whgdata\whlstf47.htm
whgdata\whlstf48.htm
whgdata\whlstf49.htm
whgdata\whlstf50.htm
whgdata\whlstf51.htm
whgdata\whlstf52.htm
whgdata\whlstf53.htm
whgdata\whlstf54.htm
whgdata\whlstf55.htm
whgdata\whlstf56.htm
whgdata\whlstf57.htm
whgdata\whlstf58.htm
whgdata\whlstf59.htm
whgdata\whlstf60.htm
whgdata\whlstf61.htm
whgdata\whlstf62.htm
whgdata\whlstf63.htm
whgdata\whlstf64.htm
whgdata\whlstf65.htm
whgdata\whlstf66.htm
whgdata\whlstf67.htm
whgdata\whlstf68.htm
whgdata\whlstf69.htm
whgdata\whlstf70.htm
whgdata\whlstf71.htm
whgdata\whlstf72.htm
whgdata\whlstf73.htm
whgdata\whlstf74.htm
whgdata\whlstf75.htm
whgdata\whlstf76.htm
whgdata\whlstf77.htm
whgdata\whlstf78.htm
whgdata\whlstf79.htm
whgdata\whlstf80.htm
whgdata\whlstf81.htm
whgdata\whlstf82.htm
whgdata\whlstf83.htm
whgdata\whlstf84.htm
whgdata\whlstf85.htm
whgdata\whlstf86.htm
whgdata\whlstf87.htm
whgdata\whlstf88.htm
whgdata\whlstf89.htm
whgdata\whlstf90.htm
whgdata\whlstf91.htm
whgdata\whlstf92.htm
whgdata\whlstf93.htm
whgdata\whlstf94.htm
whgdata\whlstf95.htm
whgdata\whlstf96.htm
whgdata\whlstf97.htm
whgdata\whlstf98.htm
whgdata\whlstf99.htm
whgdata\whlstf100.htm
whgdata\whlstf101.htm
whgdata\whlstf102.htm
whgdata\whlstf103.htm
whgdata\whlstf104.htm
whgdata\whlstf105.htm
whgdata\whlstf106.htm
whgdata\whlstf107.htm
whgdata\whlstf108.htm
whgdata\whlstf109.htm
whgdata\whlstf110.htm
whgdata\whlstf111.htm
whgdata\whlstf112.htm
whgdata\whlstf113.htm
whgdata\whlstf114.htm
whgdata\whlstf115.htm
whgdata\whlstf116.htm
whgdata\whlstf117.htm
whgdata\whlstf118.htm
whgdata\whlstf119.htm
whgdata\whlstf120.htm
whgdata\whlstf121.htm
whgdata\whlstf122.htm
whgdata\whlstf123.htm
whgdata\whlstf124.htm
whgdata\whlstf125.htm
whgdata\whlstf126.htm
whgdata\whlstf127.htm
whgdata\whlstf128.htm
whgdata\whlstf129.htm
whgdata\whlstf130.htm
whgdata\whlstf131.htm
whgdata\whlstf132.htm
whgdata\whlstf133.htm
whgdata\whlstf134.htm
whgdata\whlstf135.htm
whgdata\whlstf136.htm
whgdata\whlstf137.htm
whgdata\whlstf138.htm
whgdata\whlstf139.htm
whgdata\whlstf140.htm
whgdata\whlstf141.htm
whgdata\whlstf142.htm
whgdata\whlstf143.htm
whgdata\whlstf144.htm
whgdata\whlstf145.htm
whgdata\whlstf146.htm
whgdata\whlstf147.htm
whgdata\whlstf148.htm
whgdata\whlstf149.htm
whgdata\whlstf150.htm
whgdata\whlstf151.htm
whgdata\whlstf152.htm
whgdata\whlstf153.htm
whgdata\whlstf154.htm
whgdata\whlstf155.htm
whgdata\whlstf156.htm
whgdata\whlstf157.htm
whgdata\whlstf158.htm
whgdata\whlstf159.htm
whgdata\whlstf160.htm
whgdata\whlstf161.htm
whgdata\whlstf162.htm
whgdata\whlstf163.htm
whgdata\whlstf164.htm
whgdata\whlstf165.htm
whgdata\whlstf166.htm
whgdata\whlstf167.htm
whgdata\whlstf168.htm
whgdata\whlstf169.htm
whgdata\whlstf170.htm
whgdata\whlstf171.htm
whgdata\whlstf172.htm
whgdata\whlstf173.htm
whgdata\whlstf174.htm
whgdata\whlstf175.htm
whgdata\whlstf176.htm
whgdata\whlstf177.htm
whgdata\whlstf178.htm
whgdata\whlstf179.htm
whgdata\whlstf180.htm
whgdata\whlstf181.htm
whgdata\whlstf182.htm
whgdata\whlstf183.htm
whgdata\whlstf184.htm
whgdata\whlstf185.htm
whgdata\whlstf186.htm
whgdata\whlstf187.htm
whgdata\whlstf188.htm
whgdata\whlstf189.htm
whgdata\whlstf190.htm
whgdata\whlstf191.htm
whgdata\whlstf192.htm
whgdata\whlstf193.htm
whgdata\whlstf194.htm
whgdata\whlstf195.htm
whgdata\whlstf196.htm
whgdata\whlstf197.htm
whgdata\whlstf198.htm
whgdata\whlstf199.htm
whgdata\whlstf200.htm
whgdata\whlstf201.htm
whgdata\whlstf202.htm
whgdata\whlstf203.htm
whgdata\whlstf204.htm
whgdata\whlstf205.htm
whgdata\whlstf206.htm
whgdata\whlstf207.htm
whgdata\whlstf208.htm
whgdata\whlstf209.htm
whgdata\whlstf210.htm
whgdata\whlstf211.htm
whgdata\whlstf212.htm
whgdata\whlstf213.htm
whgdata\whlstf214.htm
whgdata\whlstf215.htm
whgdata\whlstf216.htm
whgdata\whlstf217.htm
whgdata\whlstf218.htm
whgdata\whlstf219.htm
whgdata\whlstf220.htm
whgdata\whlstf221.htm
whgdata\whlstf222.htm
whgdata\whlstf223.htm
whgdata\whlstf224.htm
whgdata\whlstf225.htm
whgdata\whlstf226.htm
whgdata\whlstf227.htm
whgdata\whlstf228.htm
whgdata\whlstf229.htm
whgdata\whlstf230.htm
whgdata\whlstf231.htm
whgdata\whlstf232.htm
whgdata\whlstf233.htm
whgdata\whlstf234.htm
whgdata\whlstf235.htm
whgdata\whlstf236.htm
whgdata\whlstf237.htm
whgdata\whlstf238.htm
whgdata\whlstf239.htm
whgdata\whlstf240.htm
whgdata\whlstf241.htm
whgdata\whlstf242.htm
whgdata\whlstf243.htm
whgdata\whlstf244.htm
whgdata\whlstf245.htm
whgdata\whlstf246.htm
whgdata\whlstf247.htm
whgdata\whlstf248.htm
whgdata\whlstf249.htm
whgdata\whlstf250.htm
whgdata\whlstf251.htm
whgdata\whlstf252.htm
whgdata\whlstf253.htm
whgdata\whlstf254.htm
whgdata\whlstf255.htm
whgdata\whlstf256.htm
whgdata\whlstf257.htm
whgdata\whlstf258.htm
whgdata\whlstf259.htm
whgdata\whlstf260.htm
whgdata\whlstf261.htm
whgdata\whlstf262.htm
whgdata\whlstf263.htm
whgdata\whlstf264.htm
whgdata\whlstf265.htm
whgdata\whlstf266.htm
whgdata\whlstf267.htm
whgdata\whlstf268.htm
whgdata\whlstf269.htm
whgdata\whlstf270.htm
whgdata\whlstf271.htm
whgdata\whlstf272.htm
whgdata\whlstf273.htm
whgdata\whlstf274.htm
whgdata\whlstf275.htm
whgdata\whlstf276.htm
whgdata\whlstf277.htm
whgdata\whlstf278.htm
whgdata\whlstf279.htm
whgdata\whlstf280.htm
whgdata\whlstf281.htm
whgdata\whlstf282.htm
whgdata\whlstf283.htm
whgdata\whlstf284.htm
whgdata\whlstf285.htm
whgdata\whlstf286.htm
whgdata\whlstf287.htm
whgdata\whlstf288.htm
whgdata\whlstf289.htm
whgdata\whlstf290.htm
whgdata\whlstf291.htm
whgdata\whlstf292.htm
whgdata\whlstf293.htm
whgdata\whlstf294.htm
whgdata\whlstf295.htm
whgdata\whlstf296.htm
whgdata\whlstf297.htm
whgdata\whlstf298.htm
whgdata\whlstf299.htm
whgdata\whlstf300.htm
whgdata\whlstf301.htm
whgdata\whlstf302.htm
whgdata\whlstf303.htm
whgdata\whlstf304.htm
whgdata\whlstf305.htm
whgdata\whlstf306.htm
whgdata\whlstf307.htm
whgdata\whlstf308.htm
whgdata\whlstf309.htm
whgdata\whlstf310.htm
whgdata\whlstf311.htm
whgdata\whlstf312.htm
whgdata\whlstf313.htm
whgdata\whlstf314.htm
whgdata\whlstf315.htm
whgdata\whlstf316.htm
whgdata\whlstf317.htm
whgdata\whlstf318.htm
whgdata\whlstf319.htm
whgdata\whlstf320.htm
whgdata\whlstf321.htm
whgdata\whlstf322.htm
whgdata\whlstf323.htm
whgdata\whlstf324.htm
whgdata\whlstf325.htm
whgdata\whlstf326.htm
whgdata\whlstf327.htm
whgdata\whlstf328.htm
whgdata\whlstf329.htm
whgdata\whlstf330.htm
whgdata\whlstg0.htm
index.htm
index_csh.htm
index_rhc.htm
